{"type":"FeatureCollection", "features": [
{"type":"Feature","geometry":{"type":"MultiPolygon","coordinates":[[[[93.84805297851591,7.240280151367472],[93.80694580078125,7.233611106872672],[93.80251312255876,7.201391220092944],[93.6861114501956,7.190000057220573],[93.65556335449224,7.125280857086238],[93.66303253173857,7.006646156311092],[93.69388580322271,7.015140056610335],[93.7452774047851,6.961945056915397],[93.82831573486334,6.754255771636963],[93.8509063720706,6.816051006317196],[93.88256835937528,6.792778015136946],[93.90213775634771,6.812966823577938],[93.89722442626959,6.902155876159725],[93.94550323486357,6.955830097198486],[93.91390228271501,7],[93.947807312012,6.998874187469653],[93.88777923584001,7.086390018463305],[93.8827667236331,7.203610897064209],[93.84805297851591,7.240280151367472]]],[[[93.71305847167986,7.443611145019815],[93.71389007568365,7.392778873443831],[93.6324996948245,7.37055492401123],[93.64833068847685,7.242499828338737],[93.75574493408232,7.359842777252481],[93.71305847167986,7.443611145019815]]],[[[93.37999725341825,8.02472209930437],[93.3266677856447,8.0024995803833],[93.31722259521513,7.933610916137923],[93.35805511474638,7.941665172577132],[93.35639190673845,7.888889789581299],[93.42250061035185,7.907223224639893],[93.46166992187517,7.872221946716252],[93.46499633789068,7.930000782012939],[93.37999725341825,8.02472209930437]]],[[[93.54728698730463,8.028052330017033],[93.55076599121111,7.996230125427246],[93.53250122070318,8.024999618530273],[93.50723266601557,7.984721183776855],[93.5774993896485,7.928332805633545],[93.58277130126947,7.991670131683406],[93.54728698730463,8.028052330017033]]],[[[93.52648925781278,8.231270790100098],[93.4538879394533,8.173610687256087],[93.48500061035162,8.051943778991813],[93.52986145019537,8.078680038452205],[93.48527526855497,8.044443130493221],[93.50083160400396,7.997219085693644],[93.50839996337908,8.033815383911246],[93.550277709961,8.036110877990666],[93.5030517578125,8.148180007934627],[93.54528045654303,8.19778060913086],[93.52648925781278,8.231270790100098]]],[[[93.12627410888678,8.355863571167106],[93.09471893310564,8.339166641235465],[93.08721923828153,8.26944446563732],[93.12083435058611,8.22250080108671],[93.19944763183611,8.193890571594522],[93.12638854980486,8.276388168334961],[93.12627410888678,8.355863571167106]]],[[[93.6159973144533,8.573625564575138],[93.62285614013689,8.421620368957804],[93.64242553710966,8.468536376953125],[93.6159973144533,8.573625564575138]]],[[[92.7877807617187,9.2441663742066],[92.72083282470697,9.213609695434798],[92.73166656494169,9.124377250671614],[92.83055114746111,9.138694763183707],[92.82553100585966,9.192131042480412],[92.85436248779297,9.20915889740013],[92.8243026733399,9.195841789245776],[92.7877807617187,9.2441663742066]]],[[[92.51583099365251,10.8976411819458],[92.5105590820313,10.869170188903865],[92.49951171875006,10.890693664551009],[92.45694732666021,10.86139106750511],[92.39749908447294,10.760555267334041],[92.37611389160162,10.78166675567627],[92.38027954101568,10.667499542236612],[92.42056274414074,10.61472034454357],[92.38527679443371,10.532221794128475],[92.43472290039091,10.548333168029785],[92.51305389404303,10.511667251586857],[92.56944274902361,10.578889846801985],[92.53979492187528,10.610555648803825],[92.59677886962896,10.678325653076229],[92.5877075195312,10.786945343017521],[92.51583099365251,10.8976411819458]]],[[[92.64145660400419,11.51014041900629],[92.61363220214872,11.47418022155773],[92.62294769287138,11.405331611633244],[92.58710479736357,11.400479316711653],[92.6007919311524,11.346400260925293],[92.6908721923831,11.370340347290153],[92.64934539794939,11.407247543335075],[92.68579101562517,11.43661117553728],[92.64145660400419,11.51014041900629]]],[[[92.2189331054688,11.5923233032226],[92.21454620361334,11.529451370239428],[92.26982879638678,11.522506713867301],[92.27072906494158,11.584091186523551],[92.2189331054688,11.5923233032226]]],[[[92.5397567749024,11.603320121765137],[92.53018188476568,11.554126739501953],[92.5693969726562,11.588421821594352],[92.5397567749024,11.603320121765137]]],[[[93.02083587646513,11.843331336975211],[93.04998779296886,11.81222057342535],[93.07221984863298,11.835561752319393],[93.02083587646513,11.843331336975211]]],[[[92.969535827637,12.03367996215843],[92.92553710937517,11.995789527893066],[93.04267120361328,11.882261276245117],[93.00945281982439,12.018891334533691],[92.969535827637,12.03367996215843]]],[[[92.99136352539062,12.108927726745776],[92.95960998535185,12.106483459472713],[92.99277496337919,12.0436172485351],[92.99136352539062,12.108927726745776]]],[[[93.02777862548845,12.156941413879622],[93.00416564941412,12.11333370208746],[92.98498535156278,12.148140907287711],[92.95560455322294,12.142191886901912],[93.00726318359386,12.10723018646246],[93.0070190429688,12.075776100158919],[93.04552459716814,12.045370101928768],[93.02777862548845,12.156941413879622]]],[[[93.06860351562517,12.211334228515625],[93.03718566894537,12.13336086273199],[93.0746459960937,12.083629608154297],[93.09500122070324,12.142421722412337],[93.06860351562517,12.211334228515625]]],[[[92.70086669921892,12.235609054565543],[92.65512084960943,12.18169021606468],[92.66198730468756,12.215506553649902],[92.62361145019548,12.102781295776424],[92.6110458374024,11.871259689331112],[92.5624008178711,11.94647407531744],[92.51351928710938,11.848000526428223],[92.54640197753912,11.834946632385368],[92.56156158447294,11.694849967956713],[92.58813476562517,11.7178831100465],[92.60839843750006,11.634029388427905],[92.64438629150408,11.636289596557901],[92.60823059082037,11.619721412658748],[92.61785888671892,11.562820434570312],[92.64727020263689,11.5723628997805],[92.64688873291033,11.52202129364008],[92.71128082275419,11.477317810058537],[92.75665283203153,11.665070533752441],[92.72145843505876,11.686320304870833],[92.69457244873064,11.62272930145258],[92.66620635986334,11.653901100158748],[92.70819854736357,11.67011928558344],[92.70189666748058,11.70713043212902],[92.75507354736334,11.701055526733398],[92.78855133056635,11.90121936798107],[92.78449249267607,11.936051368713322],[92.74625396728533,11.9318208694458],[92.71819305419939,11.824522018432674],[92.68007659912126,11.81857967376709],[92.72442626953153,11.850858688354549],[92.72808074951166,11.994791030883903],[92.76875305175798,11.999039649963379],[92.739242553711,12.040917396545694],[92.761947631836,12.020554542541447],[92.78360748291033,12.046939849853459],[92.7352752685548,12.065278053283748],[92.73621368408209,12.10660362243675],[92.75749969482439,12.176390647888184],[92.7211532592774,12.180280685424918],[92.70371246337908,12.165430068969954],[92.70086669921892,12.235609054565543]]],[[[92.73061370849626,12.242453575134334],[92.72344207763678,12.188841819763411],[92.76367950439459,12.18218040466337],[92.76229858398443,12.229373931884993],[92.73288726806658,12.210251808166731],[92.73061370849626,12.242453575134334]]],[[[92.90167236328142,12.255849838256779],[92.87084197998053,12.244691848754826],[92.8792343139649,12.208277702331486],[92.91327667236357,12.222809791565169],[92.90167236328142,12.255849838256779]]],[[[93.07777404785162,12.261944770813159],[93.06333160400396,12.229166030883846],[93.10074615478544,12.2039413452149],[93.1059875488283,12.260204315185717],[93.08666992187494,12.237218856811523],[93.07777404785162,12.261944770813159]]],[[[92.94139862060553,12.280801773071289],[92.93444824218778,12.31056118011503],[92.92673492431646,12.280581474304142],[92.90146636962885,12.288221359253214],[92.92208862304705,12.230951309204045],[92.94139862060553,12.280801773071289]]],[[[92.77657318115251,12.310280799865666],[92.78172302246111,12.28507995605463],[92.74228668212896,12.245539665222168],[92.76986694335938,12.236851692199934],[92.76773834228544,12.186590194702262],[92.7391662597658,12.094750404357853],[92.74167633056658,12.078101158142033],[92.76467895507841,12.063320159912223],[92.8125,12.106943130493278],[92.82258605957037,12.165452957153548],[92.85058593750017,12.157320976257438],[92.84660339355474,12.197680473327864],[92.88050842285173,12.195137023926009],[92.85888671875028,12.245830535888956],[92.8893127441408,12.265941619873047],[92.86637878417969,12.305610656738338],[92.83032226562494,12.300279617309798],[92.80995941162126,12.312760353088322],[92.7960815429688,12.303894996643294],[92.77657318115251,12.310280799865666]]],[[[93.8396987915039,12.320819854736442],[93.82668304443388,12.244859695434684],[93.85020446777361,12.269442558288631],[93.83200836181669,12.241241455078125],[93.86167907714861,12.233770370483398],[93.86250305175787,12.266042709350813],[93.88069915771479,12.236641883850211],[93.8396987915039,12.320819854736442]]],[[[92.85290527343756,12.408830642700423],[92.88398742675787,12.374155998230037],[92.88878631591803,12.407600402832031],[92.85290527343756,12.408830642700423]]],[[[92.95536041259771,12.414690017700195],[92.95625305175798,12.435489654541186],[92.91933441162121,12.364615440368823],[92.95536041259771,12.414690017700195]]],[[[92.8988876342774,12.915830612182617],[92.87354278564459,12.881160736084041],[92.8417282104495,12.875606536865462],[92.8422470092774,12.891038894653605],[92.81095886230474,12.897452354431437],[92.79190826416021,12.889854431152628],[92.78221893310575,12.807498931884822],[92.76083374023449,12.859444618225098],[92.73777770996122,12.810279846191634],[92.72391510009783,12.827083587646484],[92.73288726806658,12.674410820007438],[92.76888275146513,12.672121047973576],[92.77915954589872,12.713100433349837],[92.78864288330084,12.674480438232592],[92.78543090820318,12.61924743652338],[92.75332641601562,12.67078113555931],[92.68448638916021,12.608140945434798],[92.7074966430664,12.596945762634277],[92.72043609619169,12.300310134887752],[92.75476837158232,12.29568099975603],[92.77152252197294,12.319690704345646],[92.79509735107422,12.30614376068138],[92.80969238281278,12.314870834350813],[92.83242797851562,12.302558898925838],[92.89511871337919,12.320344924926815],[92.8302764892581,12.427779197692871],[92.79419708251959,12.438180923462141],[92.7910995483399,12.469721794128475],[92.79650878906278,12.437959671020508],[92.89901733398455,12.415629386902026],[92.83467864990263,12.494780540466536],[92.91452789306646,12.405893325805664],[92.91532135009771,12.443711280822981],[92.95793914794939,12.467709541320914],[92.93213653564482,12.480721473693904],[92.96842193603516,12.496668815612736],[92.98051452636724,12.709729194641397],[92.93419647216803,12.773820877075195],[92.95414733886736,12.807041168213061],[92.90508270263666,12.884950637817496],[92.92192077636736,12.912229537963867],[92.8988876342774,12.915830612182617]]],[[[92.69565582275385,12.991958618164233],[92.67012023925798,12.918037414551009],[92.63687133789091,12.919539451599348],[92.67057800292974,12.912282943725643],[92.66454315185575,12.880599975585938],[92.62988281250017,12.882731437683049],[92.66316223144537,12.879141807556437],[92.66815948486357,12.782571792602482],[92.7214965820313,12.888344764709757],[92.7198867797851,12.97835922241211],[92.69565582275385,12.991958618164233]]],[[[93.00673675537138,12.996899604797363],[92.97220611572294,12.96914005279541],[92.95974731445318,12.988911628723201],[92.97424316406256,12.945329666137695],[92.9519500732423,12.940539360046557],[92.98282623291021,12.934480667114315],[93.00673675537138,12.996899604797363]]],[[[93.02944183349604,13.573333740234375],[93.0101165771485,13.541959762573356],[92.987777709961,13.57306098937994],[92.98889160156256,13.527776718139876],[92.91750335693376,13.536390304565714],[92.92944335937511,13.501667022705192],[92.87166595459013,13.471390724182356],[92.8841629028322,13.429721832275675],[92.84306335449247,13.402221679687443],[92.86694335937494,13.38556098938011],[92.83943939209013,13.37472057342535],[92.82250213623041,13.277221679687557],[92.85443878173834,13.257221221923828],[92.80972290039057,13.153055191040266],[92.84749603271484,13.139159202575627],[92.8099975585938,13.126929283142204],[92.78833007812528,13.018330574035929],[92.82506561279303,13.012707710266113],[92.79413604736345,12.985610961914176],[92.79419708251959,12.914381980896053],[92.84278106689453,12.891871452331486],[92.84297180175781,12.876299858093262],[92.87293243408209,12.883230209350586],[92.85443878173834,12.927430152893123],[92.88230133056646,12.982724189758244],[92.90693664550793,12.985028266906909],[92.91268157959013,12.946451187133789],[92.93852233886736,12.971276283264388],[92.89430999755865,13.056530952453556],[92.93667602539068,13.084712982177848],[92.9347763061524,13.042801856994856],[92.97461700439459,13.012861251831168],[92.96582794189459,13.03499984741211],[93.00389862060547,13.02858924865734],[93.03488159179693,13.0809907913208],[93.06667327880876,13.272500038147086],[93.01249694824236,13.276665687561092],[93.00945281982439,13.320001602173136],[92.9647827148437,13.324521064758244],[92.95053863525408,13.34390068054222],[92.96942901611328,13.360520362854004],[92.98677825927751,13.329010963440112],[93.00333404541033,13.35333442687994],[93.03278350830084,13.34527492523199],[93.04166412353516,13.367220878601074],[93.06583404541044,13.303055763244572],[93.09059143066412,13.335932731628588],[93.05527496337896,13.382222175598372],[93.02828979492216,13.373181343078613],[93.07083129882807,13.406109809875602],[93.02111053466814,13.431120872497615],[93.02944183349604,13.573333740234375]]],[[[93.0158309936524,13.67611217498785],[92.97666931152361,13.654999732971191],[93.02777862548845,13.626939773559513],[93.0158309936524,13.67611217498785]]]]},"properties":{"ID_0":105,"ISO":"IND","NAME_0":"India","ID_1":1,"NAME_1":"Andaman and Nicobar"}},
{"type":"Feature","geometry":{"type":"Polygon","coordinates":[[[77.50945281982428,15.920860290527287],[77.79918670654303,15.865320205688704],[77.887680053711,15.895921707153263],[78.00186920166033,15.85923004150402],[78.03629302978527,15.90209102630621],[78.06366729736345,15.844561576843489],[78.10958099365263,15.827180862426985],[78.23796844482422,15.929051399230957],[78.25666809082031,16.03129959106451],[78.31620788574236,16.02915191650402],[78.40566253662126,16.08094978332514],[78.55912780761747,16.05637168884283],[78.61701202392578,16.098909378051758],[78.71366882324219,16.026660919189453],[78.77504730224638,16.023609161376953],[78.83650207519531,16.087377548217773],[78.83783721923828,16.156738281250057],[78.9104766845706,16.10522270202648],[78.92549896240246,16.202339172363395],[79.03093719482428,16.245742797851562],[79.17658233642578,16.21713066101097],[79.21868896484403,16.23964118957514],[79.22527313232428,16.508220672607536],[79.26611328125006,16.561470031738338],[79.4265899658206,16.582521438598746],[79.77490234374994,16.729520797729606],[79.81025695800787,16.690490722656193],[79.86183929443388,16.69822120666504],[79.90207672119169,16.63784980773937],[79.95815277099638,16.64204978942871],[80.06967163085943,16.813608169555664],[79.99167633056646,16.86325073242199],[80.0095520019533,16.907260894775334],[80.04588317871105,16.965299606323242],[80.13385772705072,16.985359191894474],[80.18212890625,17.044940948486442],[80.20125579833984,17.013139724731502],[80.26217651367199,17.010629653930664],[80.37293243408209,16.81110000610363],[80.399711608887,16.849739074706974],[80.45639801025385,16.790029525756836],[80.56281280517607,16.762830734253157],[80.60410308837896,16.787759780883903],[80.55458068847685,16.824789047241268],[80.58419036865229,16.926519393921012],[80.49130249023432,16.94818115234375],[80.48781585693371,16.91744041442871],[80.35824584960943,16.970630645751953],[80.38871765136736,17.01406097412115],[80.36699676513689,17.056568145752067],[80.39508819580084,17.077568054199276],[80.4462432861331,17.017021179199162],[80.49611663818376,17.10786056518566],[80.56017303466797,17.1380290985108],[80.65664672851591,17.08776283264166],[80.63960266113287,17.05512046813959],[80.7257308959961,17.064609527587834],[80.8324661254884,17.02571105957054],[80.87030792236328,17.146301269531364],[80.91330718994146,17.145950317382756],[80.9053497314456,17.20129013061529],[80.99125671386736,17.179702758789176],[81.16278839111334,17.23258018493658],[81.18154144287138,17.32222938537609],[81.2671661376956,17.319999694824276],[81.32469940185553,17.390649795532283],[81.41564941406267,17.361629486083984],[81.49341583251947,17.448820114135742],[81.52371978759794,17.569709777832088],[81.50292968750028,17.58987998962408],[81.57662200927751,17.726091384887695],[81.78235626220732,17.831951141357422],[81.75829315185558,17.893360137939396],[81.7031707763673,17.861129760742415],[81.66306304931646,17.876930236816463],[81.61115264892595,17.81536293029785],[81.3849716186524,17.806592941284293],[81.25403594970732,17.812129974365234],[81.15956878662115,17.852630615234318],[81.07360076904325,17.78629112243658],[81.03244781494158,17.789730072021598],[80.94399261474615,18.081020355224723],[80.97367858886719,18.168149948120174],[80.8620223999024,18.132669448852482],[80.86749267578125,18.207258224487532],[80.82958984375006,18.23411941528326],[80.79792785644537,18.16629981994629],[80.7345581054688,18.17171287536621],[80.73326873779303,18.218790054321346],[80.78827667236322,18.24978065490717],[80.74462127685564,18.30218124389654],[80.7265396118164,18.40899085998541],[80.48838806152355,18.62672042846674],[80.33879089355474,18.588209152221793],[80.26753997802763,18.71796989440918],[80.18895721435575,18.67558097839367],[80.15808105468744,18.695940017700195],[80.11081695556658,18.676189422607422],[79.89401245117193,18.830839157104606],[79.93900299072271,18.85889244079584],[79.93448638916027,19.02169990539545],[79.91610717773438,19.047359466552734],[79.85958862304682,19.034629821777344],[79.85804748535185,19.104110717773438],[79.94320678710943,19.170600891113224],[79.92016601562506,19.226409912109602],[79.97305297851591,19.401020050049055],[79.94020843505871,19.464509963989315],[79.78542327880876,19.5935897827149],[79.63971710205095,19.57500076293951],[79.59805297851591,19.503770828247127],[79.54265594482428,19.54852294921875],[79.4704208374024,19.49745178222662],[79.24386596679716,19.612552642822493],[79.22293853759783,19.46779060363781],[79.17778778076178,19.460691452026367],[79.1028671264649,19.527950286865178],[78.95455169677729,19.551830291748047],[78.98052978515642,19.585081100463867],[78.9689559936524,19.649232864379883],[78.8588027954101,19.656311035156307],[78.84562683105497,19.758350372314396],[78.71644592285162,19.766799926757926],[78.60365295410173,19.817501068115234],[78.52626800537115,19.82165908813488],[78.49391937255854,19.793149948120117],[78.31951141357428,19.915468215942326],[78.2941284179688,19.849550247192383],[78.33899688720714,19.83917999267578],[78.3677368164063,19.781080245971793],[78.3452758789063,19.713569641113338],[78.26972198486334,19.66312980651861],[78.3109893798831,19.60417938232422],[78.27910614013683,19.558200836181697],[78.308891296387,19.456409454345817],[78.18216705322271,19.411769866943473],[78.1700592041015,19.236330032348633],[78.0511322021485,19.241760253906193],[77.94892120361334,19.341279983520735],[77.8608779907226,19.302129745483512],[77.90570831298828,19.26721954345726],[77.86738586425798,19.255260467529297],[77.84654998779325,19.196979522705192],[77.84813690185564,19.090080261230582],[77.80265045166027,19.10196113586437],[77.79718017578125,19.05130958557129],[77.76168823242182,19.062040328979435],[77.75739288330084,19.028551101684513],[77.76735687255871,18.981420516967773],[77.85372924804693,18.95227813720703],[77.84049987792986,18.911300659179744],[77.881576538086,18.908531188964787],[77.94255065917986,18.822290420532454],[77.83746337890642,18.807460784912337],[77.78643798828136,18.684120178222713],[77.75762939453136,18.707090377807617],[77.73285675048857,18.676000595092773],[77.7365112304687,18.554809570312557],[77.6575698852539,18.527200698852596],[77.6488113403322,18.552619934081974],[77.59726715087919,18.54754066467285],[77.60106658935575,18.474210739135742],[77.54619598388689,18.463382720947322],[77.58521270751964,18.445449829101562],[77.5259399414062,18.42735099792486],[77.55520629882818,18.417852401733455],[77.51950073242205,18.34925270080572],[77.56691741943388,18.317949295043945],[77.54995727539091,18.2913494110108],[77.60301971435547,18.277999877929688],[77.56430816650408,18.20055007934576],[77.60056304931658,18.09939956665039],[77.54574584960966,18.053760528564396],[77.65339660644548,17.969352722167912],[77.61657714843767,17.90286827087408],[77.5851669311524,17.908229827880803],[77.59668731689482,17.8704509735108],[77.5108795166015,17.801441192626953],[77.56202697753923,17.747110366821516],[77.45034790039068,17.691299438476562],[77.43992614746088,17.581470489502067],[77.50161743164068,17.54088020324707],[77.52742004394543,17.573221206665153],[77.54839324951183,17.549459457397575],[77.58982849121122,17.562759399414062],[77.5917282104495,17.532680511474553],[77.68562316894548,17.50564956665039],[77.68401336669933,17.472850799560547],[77.6527633666995,17.503250122070312],[77.61061096191435,17.444232940673828],[77.51014709472673,17.42725944519043],[77.52802276611357,17.372110366821346],[77.45159912109392,17.37049102783203],[77.45450592041021,17.27589035034191],[77.38035583496105,17.219770431518555],[77.39881134033209,17.208778381347656],[77.35999298095732,17.16162109375],[77.46263885498047,17.104070663452205],[77.49938964843778,17.00732040405279],[77.45339965820318,16.909032821655273],[77.47113800048834,16.779130935669173],[77.43753814697271,16.78321075439453],[77.42341613769537,16.71453094482422],[77.46679687500028,16.711940765380803],[77.46504211425793,16.678281784057617],[77.41657257080084,16.66281127929699],[77.46939086914068,16.646911621093977],[77.46417236328142,16.584209442138672],[77.39144134521513,16.565200805664062],[77.4153213500976,16.517829895019645],[77.3662872314456,16.484109878540153],[77.23517608642584,16.468080520629996],[77.34294891357428,16.379720687866154],[77.49449157714844,16.37578964233404],[77.59160614013689,16.33751106262207],[77.59030151367193,16.286851882934798],[77.48755645751964,16.249820709228516],[77.5111694335938,16.21718978881836],[77.48362731933611,16.15855026245123],[77.50945281982428,15.920860290527287]]]},"properties":{"ID_0":105,"ISO":"IND","NAME_0":"India","ID_1":36,"NAME_1":"Telangana"}},
{"type":"Feature","geometry":{"type":"MultiPolygon","coordinates":[[[[80.14902496337896,13.618473052978516],[80.13903045654297,13.607078552246094],[80.12041473388678,13.605693817138672],[80.15819549560553,13.590972900390682],[80.1265258789063,13.584859848022575],[80.1418075561524,13.544860839843864],[80.16764068603516,13.589859962463436],[80.14902496337896,13.618473052978516]]],[[[82.33207702636713,16.72486114501953],[82.28539276123064,16.69763946533226],[82.2587509155274,16.690111160278434],[82.25707244873075,16.651250839233626],[82.31208038330095,16.602359771728572],[82.30958557128906,16.651250839233626],[82.31847381591803,16.6287517547608],[82.36818695068376,16.722919464111555],[82.33625030517607,16.691249847412337],[82.33207702636713,16.72486114501953]]],[[[82.29951477050798,16.71433258056635],[82.34291839599638,16.73791694641136],[82.36569213867205,16.902080535888786],[82.35791778564459,16.963752746582315],[82.3254165649414,16.990142822265796],[82.3593063354495,16.944311141967717],[82.3543090820313,16.851528167724723],[82.31180572509777,16.8401393890382],[82.24903106689459,16.930419921874943],[82.36846160888683,17.11874961853033],[82.60763549804699,17.29624938964838],[83.21347045898432,17.590972900390625],[83.29541778564459,17.6751384735108],[83.26347351074236,17.710971832275504],[83.30652618408232,17.688190460205078],[83.34430694580072,17.724861145019702],[83.45735931396496,17.920694351196346],[83.52958679199224,17.94930648803711],[83.57263946533203,18.0181941986084],[84.12458038330107,18.309305191039982],[84.12568664550787,18.351530075073356],[84.35624694824224,18.55680465698248],[84.55346679687506,18.791809082031193],[84.58264160156256,18.87625122070324],[84.760971069336,19.07097053527832],[84.73021697998064,19.089305877685547],[84.71903228759771,19.095844268799055],[84.69754791259794,19.108818054199162],[84.69832611084013,19.110309600830078],[84.69391632080107,19.12155151367199],[84.69731903076178,19.12512969970726],[84.7020874023438,19.151149749755916],[84.697563171387,19.15029144287115],[84.68141174316423,19.149749755859432],[84.66501617431658,19.15673065185547],[84.66590118408232,19.135271072387752],[84.66117095947283,19.121860504150504],[84.64729309082037,19.120370864868164],[84.62931823730486,19.120700836181754],[84.59577178955095,19.115209579467887],[84.60556030273443,19.092630386352653],[84.6167831420899,19.090000152588004],[84.62444305419928,19.074420928955078],[84.6336059570313,19.074638366699332],[84.64460754394548,19.084451675414982],[84.66320037841825,19.064451217651424],[84.65453338623047,19.052310943603516],[84.64772796630865,19.05608940124523],[84.63437652587896,19.05554008483881],[84.63005828857416,19.049591064453352],[84.62541198730474,19.052780151367188],[84.62329101562506,19.055660247802848],[84.61235809326189,19.049739837646598],[84.60946655273438,19.04673957824707],[84.60048675537104,19.03293037414562],[84.58769226074247,19.0129909515382],[84.57364654541033,19.03511047363287],[84.57811737060558,19.062128067016545],[84.57060241699236,19.060411453247013],[84.56797027587896,19.063470840454045],[84.5597229003908,19.05956077575678],[84.54772186279297,19.046091079712028],[84.5099182128908,19.03746032714855],[84.49777984619146,19.02487945556635],[84.48938751220709,19.020950317382812],[84.47782897949247,19.007890701294002],[84.47569274902355,18.991739273071232],[84.47165679931646,18.981220245361555],[84.43739318847685,18.997459411621094],[84.42218780517595,19.008531570434513],[84.42002105712919,19.01251983642578],[84.41464996337896,19.012359619140625],[84.42526245117205,18.995340347290153],[84.42555236816435,18.98915100097662],[84.42640686035173,18.9839706420899],[84.43472290039091,18.976829528808537],[84.40981292724626,18.8906307220459],[84.36531829833979,18.896259307861328],[84.38762664794916,18.87766838073736],[84.3514480590822,18.883199691772518],[84.36241149902372,18.851060867309627],[84.33442687988281,18.863849639892578],[84.33222198486334,18.792022705078125],[84.08177947998053,18.744640350341797],[84.0270614624024,18.80220031738287],[83.87017822265625,18.818429946899414],[83.78704071044939,19.008369445800838],[83.73956298828142,18.97844123840332],[83.78006744384771,18.90772056579584],[83.7458267211914,18.918172836303825],[83.7057418823245,18.985240936279354],[83.72325134277355,19.011899948120117],[83.62328338623053,19.15363121032715],[83.5787658691408,19.049789428711165],[83.5464324951173,19.073829650878963],[83.53138732910185,19.00542068481451],[83.49539947509783,19.01109123229992],[83.50538635253912,19.06477165222168],[83.45939636230474,19.06967163085949],[83.45548248291044,18.945579528808594],[83.40885162353521,18.996191024780387],[83.30526733398455,18.989681243896598],[83.32901000976591,18.91690826416027],[83.34575653076178,18.957099914550838],[83.38022613525408,18.92328262329113],[83.34661102294922,18.926870346069336],[83.4113388061524,18.859340667724837],[83.3963012695313,18.83070945739746],[83.27950286865251,18.789600372314567],[83.26609802246122,18.7570095062257],[83.21939086914062,18.765819549560547],[83.20506286621122,18.715860366821516],[83.13295745849638,18.772449493408146],[83.00968170166021,18.63652992248541],[83.00804138183588,18.588420867919922],[83.05394744873053,18.58646965026861],[83.03247833251953,18.547889709472656],[83.08933258056658,18.537910461425895],[83.01541137695318,18.444429397583065],[83.05982971191412,18.428632736206055],[83.0533905029298,18.375299453735295],[82.90274810791044,18.35591125488287],[82.88461303710966,18.412759780883846],[82.79917144775419,18.439401626586914],[82.7670516967774,18.331079483032227],[82.65883636474626,18.286609649658317],[82.62687683105474,18.22874069213873],[82.58074188232433,18.270099639892578],[82.60050964355469,18.368709564208984],[82.53515625000011,18.389560699463118],[82.55377197265642,18.43765068054205],[82.53015136718756,18.434310913085994],[82.5231323242188,18.50392913818365],[82.47400665283203,18.5368328094483],[82.36128997802751,18.40991020202631],[82.38442993164068,18.36911010742199],[82.33444213867193,18.3171329498291],[82.39301300048834,18.306440353393782],[82.30609893798857,18.195659637451115],[82.36515808105474,18.13966941833496],[82.33336639404308,18.142379760742188],[82.32977294921903,18.040410995483512],[82.2669525146485,18.048271179199332],[82.26725006103516,17.98644065856945],[82.2417068481447,17.979761123657227],[82.16034698486334,18.043598175048942],[82.02465820312517,18.057880401611385],[81.75829315185558,17.893360137939396],[81.78235626220732,17.831951141357422],[81.57662200927751,17.726091384887695],[81.50292968750028,17.58987998962408],[81.52371978759794,17.569709777832088],[81.49341583251947,17.448820114135742],[81.41564941406267,17.361629486083984],[81.32469940185553,17.390649795532283],[81.2671661376956,17.319999694824276],[81.18154144287138,17.32222938537609],[81.16278839111334,17.23258018493658],[80.99125671386736,17.179702758789176],[80.9053497314456,17.20129013061529],[80.91330718994146,17.145950317382756],[80.87030792236328,17.146301269531364],[80.8324661254884,17.02571105957054],[80.7257308959961,17.064609527587834],[80.63960266113287,17.05512046813959],[80.65664672851591,17.08776283264166],[80.56017303466797,17.1380290985108],[80.49611663818376,17.10786056518566],[80.4462432861331,17.017021179199162],[80.39508819580084,17.077568054199276],[80.36699676513689,17.056568145752067],[80.38871765136736,17.01406097412115],[80.35824584960943,16.970630645751953],[80.48781585693371,16.91744041442871],[80.49130249023432,16.94818115234375],[80.58419036865229,16.926519393921012],[80.55458068847685,16.824789047241268],[80.60410308837896,16.787759780883903],[80.56281280517607,16.762830734253157],[80.45639801025385,16.790029525756836],[80.399711608887,16.849739074706974],[80.37293243408209,16.81110000610363],[80.26217651367199,17.010629653930664],[80.20125579833984,17.013139724731502],[80.18212890625,17.044940948486442],[80.13385772705072,16.985359191894474],[80.04588317871105,16.965299606323242],[80.0095520019533,16.907260894775334],[79.99167633056646,16.86325073242199],[80.06967163085943,16.813608169555664],[79.95815277099638,16.64204978942871],[79.90207672119169,16.63784980773937],[79.86183929443388,16.69822120666504],[79.81025695800787,16.690490722656193],[79.77490234374994,16.729520797729606],[79.4265899658206,16.582521438598746],[79.26611328125006,16.561470031738338],[79.22527313232428,16.508220672607536],[79.21868896484403,16.23964118957514],[79.17658233642578,16.21713066101097],[79.03093719482428,16.245742797851562],[78.92549896240246,16.202339172363395],[78.9104766845706,16.10522270202648],[78.83783721923828,16.156738281250057],[78.83650207519531,16.087377548217773],[78.77504730224638,16.023609161376953],[78.71366882324219,16.026660919189453],[78.61701202392578,16.098909378051758],[78.55912780761747,16.05637168884283],[78.40566253662126,16.08094978332514],[78.31620788574236,16.02915191650402],[78.25666809082031,16.03129959106451],[78.23796844482422,15.929051399230957],[78.10958099365263,15.827180862426985],[78.06366729736345,15.844561576843489],[78.03629302978527,15.90209102630621],[78.00186920166033,15.85923004150402],[77.887680053711,15.895921707153263],[77.79918670654303,15.865320205688704],[77.50945281982428,15.920860290527287],[77.1806259155274,15.950062751770076],[77.07679748535173,15.909740447998047],[77.033187866211,15.853080749511776],[77.02227020263689,15.831780433654899],[77.0672378540039,15.796050071716422],[77.04708862304693,15.72501182556158],[77.12497711181669,15.659050941467285],[77.11620330810575,15.62510967254633],[77.08143615722662,15.652840614318904],[77.02928161621094,15.63383865356451],[77.02659606933588,15.499990463256893],[76.97039031982439,15.490921974182243],[77.02739715576189,15.435180664062557],[77.06157684326178,15.321860313415584],[77.10968780517584,15.327281951904354],[77.16414642334001,15.259070396423397],[77.12090301513678,15.22124099731451],[77.16320037841814,15.161331176757926],[77.07881927490263,15.000009536743278],[77.04100799560553,15.005481719970703],[77.04688262939453,15.02921199798584],[76.87670135498047,15.028678894042969],[76.79693603515653,15.09076023101818],[76.774223327637,15.071380615234375],[76.76377105712885,14.969869613647461],[76.8644561767581,14.964019775390625],[76.86547851562517,14.937600135803336],[76.8487396240235,14.80403137207054],[76.7803497314456,14.779261589050293],[76.79807281494169,14.734590530395508],[76.76091003417963,14.596281051635799],[76.87020111083979,14.468440055847282],[76.97339630126953,14.478281021118221],[76.94156646728533,14.399541854858398],[76.88314056396513,14.390291213989258],[76.87909698486334,14.346389770507812],[76.9501113891601,14.2940292358399],[76.92485809326178,14.27218055725109],[76.94346618652361,14.236310005188045],[77.10507965087896,14.213281631469727],[77.15215301513689,14.337740898132381],[77.23195648193365,14.311070442199764],[77.28114318847662,14.331110954284782],[77.27958679199224,14.276089668273869],[77.35926055908203,14.269330024719466],[77.38378906250011,14.191821098327694],[77.41570281982416,14.21196174621582],[77.38565826416021,14.324870109558049],[77.49936676025396,14.260510444641113],[77.50044250488298,14.150960922241325],[77.40972137451178,14.169719696044979],[77.34773254394537,14.12434101104742],[77.344535827637,14.0960111618042],[77.39544677734403,14.10344123840332],[77.32618713378918,14.022939682006893],[77.3833618164063,14.00735855102539],[77.37565612792969,13.969111442566032],[77.4306411743164,13.968779563904036],[77.39705657959001,13.880540847778548],[77.3483428955081,13.896540641784668],[77.35378265380865,13.982320785522518],[77.31349182128923,14.024820327758732],[77.14733886718744,13.991621971130371],[77.12110137939459,14.042180061340389],[77.02369689941435,14.05325889587408],[77.01982879638678,14.172701835632324],[76.94164276123053,14.189311981201172],[76.89142608642595,14.1589994430542],[76.88368225097668,14.131031990051326],[76.92697906494152,14.12720966339117],[76.97500610351568,14.06527042388916],[76.93109893798845,14.022731781005973],[77.03584289550787,13.925591468811149],[76.96839141845732,13.814390182495117],[76.99392700195324,13.741510391235408],[77.02636718750028,13.771441459655819],[77.06004333496094,13.738861083984318],[77.1665802001956,13.754669189453239],[77.16224670410173,13.820740699768066],[77.12388610839844,13.849390029907227],[77.16249084472662,13.856980323791504],[77.17703247070324,13.91740036010765],[77.17880249023432,13.859840393066406],[77.23384094238287,13.894931793213004],[77.25044250488287,13.839470863342285],[77.42453002929705,13.83512973785406],[77.40866088867188,13.799251556396484],[77.4574508666995,13.797050476074219],[77.44481658935553,13.695760726928711],[77.4764862060548,13.677599906921444],[77.48734283447271,13.706791877746582],[77.52152252197294,13.687870025634766],[77.51966857910156,13.743849754333496],[77.55607604980463,13.716460227966365],[77.59559631347673,13.743578910827637],[77.62124633789068,13.727401733398551],[77.61046600341814,13.755439758300895],[77.64908599853521,13.77583980560297],[77.70874786376959,13.732739448547363],[77.71286010742182,13.790519714355582],[77.82772064209001,13.86061954498291],[77.81829071044933,13.934881210327092],[77.88698577880888,13.931181907653865],[77.91160583496088,13.89724063873291],[77.96643066406256,13.950551986694336],[77.97802734375017,13.893349647522086],[77.94246673584013,13.880230903625716],[77.94458007812528,13.81997108459467],[77.98516082763678,13.861669540405273],[78.03782653808605,13.852849960327262],[78.04115295410173,13.886729240417594],[78.11353302001959,13.840890884399471],[78.11823272705095,13.776900291443098],[78.0849227905274,13.733491897583065],[78.10537719726591,13.684400558471793],[78.05834197998064,13.666970252990666],[78.08072662353521,13.635340690612907],[78.15576171875,13.648710250854549],[78.19393920898455,13.616159439086971],[78.18327331542986,13.556380271911678],[78.2276916503908,13.587221145629996],[78.39076232910173,13.57810020446783],[78.35515594482428,13.355071067810002],[78.39737701416044,13.332331657409668],[78.36699676513678,13.320039749145621],[78.4717483520509,13.30792045593273],[78.52079772949247,13.255591392517147],[78.55565643310553,13.299429893493652],[78.57746887207026,13.262049674987907],[78.54094696044928,13.187251091003475],[78.56907653808588,13.156482696533203],[78.50875091552746,13.119589805603027],[78.52796173095709,13.097359657287825],[78.50457763671903,13.052762031555176],[78.4515762329101,13.031532287597884],[78.45790100097673,12.963241577148665],[78.42265319824219,12.968600273132324],[78.45423889160185,12.853161811828727],[78.43582916259771,12.90067005157482],[78.37834167480463,12.895191192626953],[78.34542846679693,12.928060531616211],[78.30310058593756,12.847200393676871],[78.24109649658209,12.847420692443848],[78.22064971923845,12.752590179443416],[78.22722625732433,12.715171813964957],[78.18984985351591,12.68130970001232],[78.26442718505888,12.691840171814079],[78.36833953857428,12.611840248107853],[78.45478057861357,12.612019538879451],[78.45765686035185,12.662249565124512],[78.50981140136736,12.69878005981451],[78.48435211181669,12.734781265258846],[78.54767608642607,12.685590744018555],[78.54554748535162,12.74391078948986],[78.64671325683594,12.919019699096793],[78.61366271972685,12.978890419006404],[78.65110778808594,13.0179319381715],[78.69375610351574,13.004391670227108],[78.70244598388689,13.056151390075797],[78.8760375976563,13.086159706115836],[78.88191986084001,13.019762039184627],[78.92463684082048,13.01864147186285],[78.89346313476574,13.035092353820858],[78.91438293457037,13.067761421203727],[78.97959136962908,13.076510429382267],[79.06906890869146,13.014150619506893],[79.15270233154325,13.007292747497615],[79.21832275390653,13.135551452636832],[79.26741027832048,13.141201019287053],[79.3079376220706,13.09691143035883],[79.35457611084001,13.12977123260498],[79.34777069091803,13.163019180297908],[79.42378997802751,13.187460899353027],[79.44550323486322,13.216771125793457],[79.41084289550798,13.212162017822266],[79.42502593994146,13.281340599060115],[79.37460327148455,13.303039550781193],[79.42887878417997,13.32356166839611],[79.53578186035156,13.311070442199934],[79.5802612304688,13.245370864868221],[79.66853332519531,13.281930923461914],[79.68875122070312,13.207409858703556],[79.72283172607416,13.221851348877067],[79.74437713623041,13.194911003112907],[79.784896850586,13.223480224609489],[79.72129058837919,13.272239685058821],[79.92550659179693,13.33594036102295],[79.96186065673845,13.451279640197754],[80.0360412597658,13.484479904175032],[79.98967742919922,13.526760101318416],[80.06944274902361,13.537590980529842],[80.07582092285168,13.526760101318416],[80.07943725585943,13.5293607711792],[80.08866882324219,13.525529861450195],[80.09565734863293,13.509840011596907],[80.10035705566406,13.505200386047363],[80.1208114624024,13.502360343933162],[80.13271331787104,13.495919227600098],[80.1354598999024,13.492180824280013],[80.14465332031256,13.484689712524414],[80.1506576538086,13.479981422424373],[80.15209960937506,13.478879928588867],[80.15650177001964,13.478889465331974],[80.1631469726563,13.47755241394043],[80.24090576171892,13.470150947571028],[80.27597045898438,13.389142036438102],[80.31212615966803,13.369380950927734],[80.3129959106447,13.42791557312006],[80.26847076416044,13.41736221313488],[80.28097534179705,13.438195228576888],[80.23652648925798,13.487921714782772],[80.11541748046892,13.507640838623047],[80.05095672607422,13.588191986084212],[80.10679626464844,13.709309577941951],[80.10874938964844,13.64208030700695],[80.126235961914,13.611531257629508],[80.13847351074236,13.612915992737044],[80.14763641357439,13.659584045410156],[80.12985992431635,13.723751068115234],[80.14708709716797,13.724310874939079],[80.31513977050787,13.43375110626232],[80.23625183105497,13.639860153198242],[80.24485778808622,13.81958389282238],[80.12208557128923,14.114583969116211],[80.19902801513678,14.587082862853947],[80.09320068359403,14.810141563415641],[80.0593032836914,14.819860458374137],[80.08875274658209,14.811532020568961],[80.04792022705084,15.077349662780762],[80.08125305175798,15.185971260071028],[80.04596710205095,15.209308624267692],[80.07819366455095,15.18902683258068],[80.08847045898432,15.219309806823958],[80.07986450195341,15.315973281860352],[80.20069122314459,15.465415954590014],[80.27041625976591,15.673195838928223],[80.43096923828136,15.80570030212408],[80.68681335449219,15.882640838623217],[80.80541992187528,15.842639923095703],[80.81346893310564,15.739582061767521],[80.78069305419939,15.780420303344954],[80.82208251953142,15.712916374206543],[80.96680450439447,15.731805801391829],[81.01208496093756,15.770138740539721],[81.00430297851568,15.840419769287394],[81.14569091796903,15.973750114441032],[81.230972290039,16.235139846801985],[81.3926391601563,16.342082977295036],[81.37985992431646,16.359859466552905],[81.34570312500006,16.33069038391136],[81.36513519287115,16.359859466552905],[81.3829193115235,16.36181068420433],[81.40541839599615,16.343748092651367],[81.54096984863298,16.359031677246094],[81.72041320800781,16.31014060974121],[82.30986022949224,16.56764030456543],[82.26791381835943,16.564027786255167],[82.29957580566412,16.591810226440543],[82.25986480712896,16.586805343627987],[82.29235839843778,16.608749389648494],[82.25653076171903,16.64263916015625],[82.2576370239259,16.69011306762718],[82.17463684082037,16.72510910034174],[82.2176818847658,16.7516899108889],[82.2204208374024,16.718309402465877],[82.29370117187528,16.74304008483898],[82.29951477050798,16.71433258056635]]]]},"properties":{"ID_0":105,"ISO":"IND","NAME_0":"India","ID_1":2,"NAME_1":"Andhra Pradesh"}},
{"type":"Feature","geometry":{"type":"Polygon","coordinates":[[[95.23763275146501,26.686290740966797],[95.30258178710966,26.656021118164062],[95.42885589599638,26.700040817260742],[95.5327758789063,26.831209182739258],[95.61151885986334,26.821212768554688],[95.67336273193371,26.910221099853516],[95.73081207275419,26.887491226196346],[95.80793762207048,27.020450592041186],[95.93624877929682,27.052991867065487],[96.03643035888689,27.196050643920955],[96.2343292236331,27.2848796844483],[96.47074890136719,27.312461853027457],[96.52233123779325,27.293970108032454],[96.61254119873058,27.369369506835938],[96.7125473022461,27.380729675293026],[96.80236053466825,27.354431152343864],[96.88510131835949,27.26795959472662],[96.8756332397461,27.193559646606445],[97.07151794433594,27.109170913696346],[97.14643096923857,27.102840423583984],[97.1717376708985,27.13681030273449],[96.91184997558588,27.462709426879883],[96.9376831054688,27.530059814453352],[96.89758300781267,27.620801925659407],[97.02857208251982,27.749120712280273],[97.096420288086,27.749929428100813],[97.10246276855469,27.793420791625977],[97.25647735595732,27.909530639648438],[97.30870819091803,27.92996025085455],[97.32116699218744,27.889511108398438],[97.38902282714855,27.89637947082548],[97.37806701660173,27.98615074157715],[97.41516113281278,28.024080276489315],[97.373519897461,28.070238113403377],[97.30774688720709,28.077100753784464],[97.33080291748053,28.162971496582145],[97.40056610107439,28.200500488281307],[97.28206634521479,28.276260375976676],[97.17391967773432,28.299060821533317],[97.09256744384771,28.36969184875494],[96.99649810791044,28.316230773925838],[96.89866638183622,28.385900497436808],[96.77437591552751,28.374071121215877],[96.7510528564456,28.421712875366268],[96.66456604003912,28.46577072143583],[96.45826721191435,28.419221878051758],[96.39940643310564,28.344499588012695],[96.37094116210938,28.394300460815543],[96.26377105712908,28.413379669189453],[96.37296295166021,28.487039566040096],[96.32567596435558,28.534009933471737],[96.49405670166021,28.638191223144588],[96.47274017334013,28.688209533691463],[96.58593750000017,28.721588134765682],[96.61599731445341,28.77857971191412],[96.5374526977539,28.88412094116228],[96.51882934570318,28.970989227295036],[96.47740173339861,28.99403953552246],[96.525199890137,29.07928085327154],[96.34670257568354,29.032268524169865],[96.1665267944336,28.905929565429688],[96.14524841308622,28.937488555908203],[96.18485260009771,28.98811912536638],[96.11450195312506,29.077602386474666],[96.26020050048834,29.160160064697493],[96.34635925292986,29.171030044555778],[96.39280700683605,29.256500244140625],[96.36315155029314,29.285631179809798],[96.24356842041033,29.235122680664006],[96.08053588867193,29.46334457397461],[95.95710754394537,29.382667541504134],[95.88085174560553,29.391490936279297],[95.79648590087908,29.33633041381836],[95.77762603759771,29.356399536132926],[95.6380233764649,29.249839782714844],[95.59873199462896,29.261861801147518],[95.5858001708985,29.21799278259283],[95.53771972656256,29.21400070190441],[95.54680633544939,29.128650665283203],[95.49633026123053,29.140310287475586],[95.44742584228533,29.036012649536246],[95.2665557861331,29.057649612426758],[95.25076293945312,29.109880447387695],[95.12175750732433,29.116250991821516],[94.99749755859392,29.173011779785213],[95.02279663085966,29.130620956420955],[94.87180328369158,29.184289932251147],[94.79798889160173,29.164609909057845],[94.77738189697283,29.241119384765682],[94.62815856933622,29.348590850830135],[94.55789947509771,29.228910446167106],[94.4311828613283,29.22682189941429],[94.35692596435575,29.152589797973633],[94.28772735595697,29.14814949035656],[94.21469116210938,29.08408927917486],[94.15513610839872,28.95476150512701],[93.99491119384794,28.841369628906307],[94.00142669677729,28.775539398193303],[93.92613220214861,28.67180061340332],[93.84403991699247,28.70738983154297],[93.77517700195341,28.668518066406307],[93.73156738281267,28.689279556274357],[93.53383636474615,28.658849716186637],[93.49111938476568,28.683961868286133],[93.4741973876956,28.653650283813477],[93.44567108154314,28.676040649414176],[93.33690643310541,28.640159606933707],[93.27591705322283,28.50482940673828],[93.18266296386736,28.439990997314567],[93.23152160644537,28.400711059570312],[93.21897888183605,28.333730697631893],[93.02366638183605,28.303199768066406],[93.00035858154303,28.230791091918945],[92.96452331542974,28.261810302734375],[92.89525604248053,28.204610824585018],[92.826469421387,28.172035217285213],[92.79963684082048,28.202230453491325],[92.68698883056646,28.12579917907715],[92.66293334960943,28.062770843505803],[92.73948669433622,27.98941040039091],[92.55425262451178,27.818298339843864],[92.50132751464861,27.841501235961914],[92.45493316650419,27.803262710571403],[92.40686035156278,27.822088241577433],[92.30738830566406,27.779239654541243],[92.26402282714838,27.857931137085075],[92.21039581298857,27.85898971557623],[92.05539703369158,27.759130477905387],[91.98385620117188,27.76999092102068],[91.91876220703153,27.715101242065373],[91.86052703857428,27.736932754516715],[91.82421112060547,27.810350418090934],[91.7095718383789,27.813289642333928],[91.66195678710943,27.85824012756359],[91.54389190673834,27.85555458068859],[91.63959503173845,27.765199661254883],[91.55773925781244,27.633466720580998],[91.56678009033209,27.5750408172608],[91.64740753173845,27.48472976684576],[91.69008636474638,27.5027503967288],[91.72001647949247,27.47035980224632],[91.93937683105497,27.46063041687023],[92.01876068115234,27.47974586486839],[92.05879211425776,27.327199935913256],[92.12061309814453,27.287570953369254],[92.03959655761719,27.26667213439947],[92.06964874267607,27.22364044189453],[92.02337646484392,27.162334442138672],[92.03374481201178,27.064815521240348],[92.10328674316423,27.007749557495174],[92.10788726806646,26.89381980895996],[92.58521270751982,26.961862564086914],[92.6454620361331,26.987449645996207],[92.65892791748053,27.03852081298851],[92.87243652343778,27.00769996643072],[93.01937103271501,26.916830062866325],[93.67578125000006,26.97107124328619],[93.77239990234392,27.062301635742188],[93.8350219726563,27.074991226196346],[93.79824066162121,27.13716125488287],[93.95652008056646,27.29475975036621],[94.15721130371105,27.47804832458496],[94.25905609130871,27.522600173950195],[94.21111297607422,27.610841751098746],[94.25222778320341,27.640930175781364],[94.27603149414074,27.593349456787394],[94.36749267578142,27.5767498016358],[94.43103790283209,27.603080749511776],[94.45973968505888,27.557710647583008],[94.8393859863283,27.70354080200201],[94.86086273193388,27.739479064941634],[95.31655883789062,27.871129989623967],[95.3843383789063,27.84202194213873],[95.5159530639649,27.881788253784464],[95.60674285888678,27.95776939392107],[95.97746276855469,27.968500137329045],[95.75821685791021,27.731109619140682],[95.79647064209001,27.688060760498104],[95.7871170043947,27.62340927124046],[95.88133239746094,27.55323028564453],[95.84934234619146,27.43032073974615],[95.888656616211,27.444070816040266],[95.89305877685553,27.406040191650504],[95.91684722900408,27.443159103393555],[95.97778320312528,27.43549919128418],[96.01835632324224,27.367900848388956],[95.89396667480469,27.26301193237299],[95.80628967285162,27.29174041748047],[95.59008789062517,27.229520797729492],[95.51618194580084,27.268630981445426],[95.45970916748053,27.2134304046632],[95.45778656005865,27.135641098022575],[95.34860229492188,27.104761123657454],[95.24822998046903,27.030252456665323],[95.1955184936524,27.042949676513672],[95.23385620117193,26.89084053039545],[95.18450164794933,26.864830017089957],[95.24491882324224,26.787330627441634],[95.21614074707037,26.735319137573242],[95.23763275146501,26.686290740966797]]]},"properties":{"ID_0":105,"ISO":"IND","NAME_0":"India","ID_1":3,"NAME_1":"Arunachal Pradesh"}},
{"type":"Feature","geometry":{"type":"MultiPolygon","coordinates":[[[[89.87145233154291,25.53729820251459],[89.85511016845703,25.476049423217887],[89.8687133789063,25.476360321045036],[89.87995910644537,25.488639831543026],[89.87384796142584,25.51356124877941],[89.87565612792969,25.528528213501204],[89.87145233154291,25.53729820251459]]],[[[95.1955184936524,27.042949676513672],[95.24822998046903,27.030252456665323],[95.34860229492188,27.104761123657454],[95.45778656005865,27.135641098022575],[95.45970916748053,27.2134304046632],[95.51618194580084,27.268630981445426],[95.59008789062517,27.229520797729492],[95.80628967285162,27.29174041748047],[95.89396667480469,27.26301193237299],[96.01835632324224,27.367900848388956],[95.97778320312528,27.43549919128418],[95.91684722900408,27.443159103393555],[95.89305877685553,27.406040191650504],[95.888656616211,27.444070816040266],[95.84934234619146,27.43032073974615],[95.88133239746094,27.55323028564453],[95.7871170043947,27.62340927124046],[95.79647064209001,27.688060760498104],[95.75821685791021,27.731109619140682],[95.97746276855469,27.968500137329045],[95.60674285888678,27.95776939392107],[95.5159530639649,27.881788253784464],[95.3843383789063,27.84202194213873],[95.31655883789062,27.871129989623967],[94.86086273193388,27.739479064941634],[94.8393859863283,27.70354080200201],[94.45973968505888,27.557710647583008],[94.43103790283209,27.603080749511776],[94.36749267578142,27.5767498016358],[94.27603149414074,27.593349456787394],[94.25222778320341,27.640930175781364],[94.21111297607422,27.610841751098746],[94.25905609130871,27.522600173950195],[94.15721130371105,27.47804832458496],[93.95652008056646,27.29475975036621],[93.79824066162121,27.13716125488287],[93.8350219726563,27.074991226196346],[93.77239990234392,27.062301635742188],[93.67578125000006,26.97107124328619],[93.01937103271501,26.916830062866325],[92.87243652343778,27.00769996643072],[92.65892791748053,27.03852081298851],[92.6454620361331,26.987449645996207],[92.58521270751982,26.961862564086914],[92.10788726806646,26.89381980895996],[92.0455169677735,26.84754180908203],[91.85778045654297,26.91402816772461],[91.80197143554693,26.85206031799322],[91.68724822998041,26.805093765258846],[91.62380218505865,26.82132339477556],[91.49276733398443,26.789764404296875],[91.40834808349638,26.835561752319393],[91.33631896972673,26.779651641845817],[91.09659576416033,26.819803237915266],[91.05397796630888,26.77947235107422],[90.72302246093761,26.767549514770735],[90.55993652343756,26.80101776123047],[90.42209625244135,26.89814758300804],[90.36402130126959,26.898050308227653],[90.31169891357439,26.850851058960075],[90.21482086181658,26.853700637817553],[90.18872070312506,26.770572662353516],[90.0552368164063,26.729330062866325],[89.8623886108399,26.737003326416016],[89.85694122314482,26.703781127929915],[89.87062072753912,26.459890365600586],[89.82727813720709,26.396472930908317],[89.85729217529325,26.38446044921875],[89.75166320800776,26.322160720825252],[89.75914001464861,26.292591094970703],[89.75710296630865,26.288530349731445],[89.74606323242193,26.290761947631836],[89.7208862304688,26.29628944396984],[89.7227630615235,26.307550430297965],[89.71568298339844,26.301980972290096],[89.72109222412121,26.28816986084007],[89.73367309570318,26.266460418701172],[89.7322769165039,26.260339736938477],[89.71734619140625,26.259160995483455],[89.71084594726557,26.26456069946289],[89.70067596435553,26.260841369628906],[89.71138763427763,26.25803947448742],[89.71642303466814,26.255260467529354],[89.71572113037115,26.246379852295036],[89.72876739501982,26.238201141357365],[89.71817779541021,26.231620788574162],[89.71170806884771,26.227741241455078],[89.70555877685564,26.217060089111328],[89.69956970214872,26.21890068054205],[89.69754791259783,26.215942382812614],[89.71549987792974,26.21478080749506],[89.72438049316435,26.2172908782959],[89.72566223144537,26.20607948303234],[89.7142181396485,26.205978393554744],[89.7161331176759,26.191328048705998],[89.71073913574224,26.188560485839844],[89.69483947753906,26.18907165527338],[89.70253753662115,26.177120208740348],[89.70652008056658,26.173130035400504],[89.71705627441412,26.177209854126204],[89.73417663574236,26.174989700317496],[89.73293304443388,26.17297172546398],[89.71875762939459,26.1660480499267],[89.79753875732428,26.08616065979004],[89.79155731201189,26.01765060424833],[89.81307220459013,26.041971206665096],[89.82295989990263,25.984909057617415],[89.83957672119169,26.01045989990257],[89.87539672851574,25.97611045837408],[89.82820129394548,25.943559646606673],[89.89035797119158,25.940229415893782],[89.81452941894537,25.81698036193859],[89.88520812988298,25.629829406738395],[89.87010192871122,25.54422187805187],[89.87758636474626,25.548931121826172],[89.91809844970709,25.562629699707088],[89.99536132812506,25.58634948730463],[90.0058212280274,25.58836936950695],[90.00453948974638,25.623821258545036],[89.99933624267584,25.62185096740734],[89.98043823242193,25.637569427490178],[89.94172668457037,25.678119659423885],[89.93235015869158,25.689960479736385],[89.9185028076173,25.702688217163086],[89.91263580322294,25.70706176757824],[89.89908599853544,25.744050979614485],[89.91613769531267,25.739191055297795],[89.95260620117193,25.783420562744197],[89.95199584960955,25.810911178589095],[89.94561767578153,25.816101074218977],[89.94581604003935,25.820230484008903],[89.95056915283232,25.824871063232365],[89.9679565429687,25.826150894164982],[90.00160217285162,25.842241287231445],[89.99743652343756,25.844209671020565],[90.01152038574224,25.849670410156477],[90.02191925048857,25.865528106689453],[90.01872253417986,25.8713703155517],[90.01436614990251,25.871789932250977],[90.01525115966825,25.88862037658697],[90.02791595458984,25.89430999755882],[90.05219268798834,25.89868927001976],[90.05892181396513,25.91027069091797],[90.0633087158206,25.91554832458496],[90.07242584228527,25.91933822631836],[90.07797241210966,25.91768074035656],[90.08072662353533,25.924528121948242],[90.09192657470732,25.92876052856451],[90.0961227416995,25.939519882202262],[90.10051727294916,25.942068099975586],[90.47728729248047,26.01526069641119],[90.53446197509766,25.958021163940543],[90.51254272460955,25.896240234375057],[90.58245849609386,25.95979118347168],[90.62901306152372,25.9374294281007],[90.624809265137,25.89889907836914],[90.68604278564482,25.950809478759766],[90.74743652343761,25.9573211669923],[90.7405395507813,25.91521072387701],[90.77806091308611,25.90829086303711],[90.80989074707048,25.952159881591797],[90.88298034667969,25.951749801635685],[90.91911315917997,25.91331100463873],[90.94274902343761,25.947570800781364],[90.96745300292986,25.887180328369197],[91.02922058105469,25.888048171997127],[91.00078582763666,25.82225036621105],[91.19647979736322,25.859010696411133],[91.17993164062517,25.77631950378418],[91.22387695312506,25.723419189453182],[91.27562713623075,25.746940612793082],[91.3335571289063,25.83884048461914],[91.52540588378912,25.872890472412223],[91.47476196289057,25.87123107910179],[91.57583618164091,26.03310966491722],[91.63215637207048,26.022409439087028],[91.61115264892578,25.939920425415096],[91.66931152343744,25.90538978576666],[91.7201766967774,25.95407104492199],[91.73126220703153,26.0592098236084],[91.81931304931646,26.118740081787223],[91.87578582763678,26.09773063659668],[91.87016296386713,26.052190780639876],[91.92209625244158,25.999530792236442],[91.99106597900419,26.041032791137923],[92.29731750488287,26.079149246215877],[92.15631866455095,25.944799423218],[92.16369628906244,25.911790847778263],[92.22547912597685,25.907049179077205],[92.15310668945318,25.8127498626709],[92.16069793701189,25.671859741210938],[92.38510131835966,25.75356292724615],[92.43316650390653,25.731452941894645],[92.43213653564459,25.691009521484432],[92.50170898437517,25.62293052673334],[92.55761718750017,25.611988067627067],[92.57250213623064,25.56042098999046],[92.65345764160168,25.592180252075195],[92.64469909667997,25.537441253662053],[92.56741333007818,25.46747016906744],[92.59815979003935,25.471651077270508],[92.60909271240251,25.41657066345215],[92.65428161621094,25.435340881347656],[92.78437042236328,25.332538604736442],[92.76464843750011,25.24934959411621],[92.80442047119158,25.21932983398449],[92.66690826416033,25.177061080932617],[92.62164306640653,25.117700576782283],[92.52466583251959,25.140029907226506],[92.5429458618164,25.099599838256836],[92.48429870605497,25.10806083679205],[92.46325683593756,25.03712844848627],[92.42590332031261,25.031820297241325],[92.4284973144533,24.97257995605463],[92.48927307128935,24.954359054565543],[92.49179840087908,24.874021530151595],[92.39147186279314,24.849941253662337],[92.29837799072266,24.920049667358512],[92.24051666259777,24.89919090271019],[92.29827117919928,24.73655128479004],[92.25090789794939,24.65708923339838],[92.23099517822294,24.50409126281761],[92.27249908447271,24.379350662231673],[92.21285247802746,24.24930953979515],[92.29660797119169,24.251729965209904],[92.3140716552735,24.252601623535156],[92.42237854003923,24.253110885620117],[92.43445587158209,24.174140930175895],[92.43522644042974,24.162578582763786],[92.43743133544939,24.15135002136236],[92.44182586669939,24.152851104736442],[92.46306610107428,24.136369705200252],[92.4668273925783,24.13504028320324],[92.47332000732439,24.142030715942383],[92.4835586547851,24.153930664062443],[92.48264312744158,24.15709114074707],[92.4849014282226,24.15930938720703],[92.4880828857423,24.16221809387207],[92.50245666503906,24.16211128234869],[92.50488281250028,24.16731071472168],[92.50953674316423,24.162889480590877],[92.51283264160162,24.162578582763786],[92.50863647460943,24.169200897217024],[92.5135726928711,24.17358016967779],[92.55063629150396,24.24589920043951],[92.61158752441423,24.25334930419922],[92.62428283691435,24.332651138305778],[92.69066619873075,24.354801177978572],[92.7651977539063,24.520849227905387],[92.82898712158197,24.37776947021507],[92.91153717041044,24.41290092468256],[93.0004959106447,24.40327072143566],[93.03916931152338,24.411130905151424],[93.06111907958984,24.574832916259766],[93.10697937011724,24.58356094360346],[93.07541656494135,24.59622955322277],[93.10470581054693,24.675342559814453],[93.0758666992188,24.710390090942383],[93.10978698730486,24.809740066528263],[93.15294647216803,24.789779663085994],[93.19735717773438,24.811260223388786],[93.2624130249024,24.951370239257926],[93.24884033203142,25.018800735473633],[93.33577728271484,25.095840454101562],[93.38871765136724,25.245920181274528],[93.47402191162138,25.309280395507812],[93.46186828613298,25.4346981048584],[93.39591979980474,25.464120864868278],[93.3317413330081,25.546810150146484],[93.49991607666021,25.65652084350586],[93.57324981689453,25.760799407958984],[93.70548248291021,25.848630905151367],[93.68768310546875,25.909440994262752],[93.77301788330084,25.966020584106445],[93.79576110839855,25.814350128173942],[93.97939300537115,25.919679641723633],[93.95488739013666,26.0073299407959],[94.0048065185548,26.17327117919922],[94.1080474853515,26.32640075683588],[94.17550659179693,26.344219207763786],[94.18654632568365,26.46051025390625],[94.27674102783209,26.558839797973633],[94.31651306152372,26.462930679321516],[94.39945220947294,26.532320022583008],[94.40786743164091,26.61433029174799],[94.4625015258789,26.635459899902344],[94.46794128417997,26.669820785522575],[94.54505920410173,26.710901260376204],[94.574691772461,26.691020965576172],[94.60414886474604,26.73928070068365],[94.68660736084001,26.732589721679915],[94.8022079467774,26.80606079101574],[94.88622283935575,26.932460784912223],[94.92816162109386,26.952100753784237],[95.02134704589861,26.925399780273494],[95.1955184936524,27.042949676513672]]]]},"properties":{"ID_0":105,"ISO":"IND","NAME_0":"India","ID_1":4,"NAME_1":"Assam"}},
{"type":"Feature","geometry":{"type":"Polygon","coordinates":[[[88.10614776611357,26.535623550415096],[88.09740447998075,26.437442779541072],[88.03255462646513,26.36463165283226],[87.9293060302735,26.417947769165096],[87.89063262939482,26.48641967773449],[87.85121917724626,26.436214447021484],[87.79221343994169,26.468915939331282],[87.7688598632813,26.412096023559513],[87.68023681640653,26.435094833374194],[87.60841369628923,26.380601882934684],[87.46909332275419,26.44006538391119],[87.37129211425776,26.40775489807129],[87.34341430664091,26.347515106201172],[87.26838684082037,26.37361145019537],[87.25870513916027,26.410860061645735],[87.16501617431646,26.403816223144645],[87.09391784667997,26.450016021728743],[87.07427978515653,26.58546638488764],[87.01771545410173,26.531814575195426],[86.93509674072266,26.516492843628043],[86.89641571044939,26.461715698242415],[86.8358001708985,26.43869781494169],[86.76770019531256,26.458457946777344],[86.73352050781267,26.42204475402832],[86.54421997070341,26.538114547729492],[86.33003997802763,26.61915397644043],[86.21961212158232,26.588109970092773],[86.03073883056646,26.666421890259016],[85.85211944580095,26.56841468811058],[85.85331726074224,26.609516143798942],[85.73461914062517,26.654315948486385],[85.73671722412126,26.795616149902287],[85.63668823242193,26.871902465820426],[85.33631896972685,26.74141502380388],[85.21614837646513,26.757923126220817],[85.17911529541021,26.811914443969727],[85.19770812988298,26.86659431457531],[85.02444458007841,26.855432510375977],[85.06241607666044,26.88670539855957],[84.96982574462896,26.916032791137866],[84.96448516845709,26.960275650024357],[84.89364624023432,26.969594955444563],[84.83188629150408,27.019304275512923],[84.79572296142584,26.995569229126147],[84.64485168457037,27.04719734191923],[84.69306182861328,27.214801788330078],[84.62201690673857,27.338207244873047],[84.29341125488276,27.3850421905517],[84.25624847412126,27.451900482177734],[84.21063995361328,27.442333221435547],[84.15301513671903,27.51661491394043],[84.11071777343767,27.52151489257824],[84.05418395996122,27.442581176757926],[83.87024688720709,27.428506851196573],[83.9084091186524,27.384296417236442],[83.85850524902372,27.350961685180664],[83.83058929443365,27.321359634399414],[83.92359924316423,27.316431045532227],[83.89615631103533,27.27707099914562],[83.90190124511724,27.25213050842285],[83.90762329101568,27.248029708862305],[83.94814300537138,27.23833084106468],[83.96153259277338,27.227951049804744],[83.9632873535158,27.221080780029297],[83.97660827636719,27.203420639038086],[83.98512268066418,27.181762695312727],[83.98419952392607,27.178710937500227],[83.96830749511724,27.165599822998217],[83.95091247558594,27.140880584716854],[83.95363616943365,27.131940841675032],[83.95081329345732,27.126340866088867],[83.94143676757818,27.119831085205078],[83.94034576416044,27.1023006439209],[83.94082641601568,27.089620590210018],[83.94777679443388,27.08620071411127],[83.9778671264649,27.092620849609375],[84.00531768798834,27.104030609130916],[84.01422119140642,27.100080490112532],[84.01892852783232,27.093441009521598],[84.01689147949236,27.083761215210075],[83.99076080322283,27.068590164184855],[84.02426910400419,27.04471969604515],[84.03563690185553,27.046510696411133],[84.04270172119146,27.003120422363565],[84.04952239990234,26.990810394287223],[84.03643035888683,26.984031677246207],[84.04345703125006,26.980390548705998],[84.04125976562494,26.96801185607933],[84.04666137695312,26.961940765381087],[84.03861999511736,26.95775985717796],[84.03514862060541,26.94872093200695],[84.0316925048831,26.949331283569336],[84.02490234375017,26.94272041320795],[84.02980804443354,26.93956947326666],[84.045219421387,26.93042182922386],[84.04924011230497,26.914590835571516],[84.0423965454101,26.909128189087028],[84.04514312744146,26.90474128723156],[84.050796508789,26.90164947509794],[84.04898071289068,26.89994049072277],[84.05905151367205,26.890779495239315],[84.0762557983399,26.87878036499046],[84.08789062500006,26.882352828979435],[84.09262084960955,26.877830505371037],[84.09986877441423,26.887990951538313],[84.13024902343756,26.88527107238781],[84.14073944091803,26.883911132812784],[84.1392974853515,26.87404060363798],[84.15054321289057,26.839469909668253],[84.1689224243164,26.8345184326173],[84.17533111572294,26.845939636230582],[84.1764678955081,26.853340148925838],[84.20922088623053,26.870990753173885],[84.22196197509771,26.87018013000494],[84.23538208007841,26.86433982849144],[84.24563598632818,26.858722686767578],[84.25041961669928,26.837820053100813],[84.24283599853544,26.821819305420036],[84.248519897461,26.820898056030387],[84.25229644775396,26.808679580688477],[84.24848937988287,26.792680740356445],[84.24112701416044,26.775430679321573],[84.22460937500017,26.75710105895996],[84.24227905273466,26.73077011108421],[84.25448608398466,26.734268188476562],[84.26677703857428,26.742071151733626],[84.27861022949224,26.751239776611442],[84.29802703857439,26.753271102905273],[84.30561828613276,26.737680435180607],[84.31851196289068,26.716230392455998],[84.32334136962919,26.688478469848576],[84.33706665039091,26.68144035339361],[84.3501205444336,26.681400299072322],[84.36675262451178,26.678810119629134],[84.40223693847662,26.671222686767578],[84.41439819335938,26.62717056274414],[84.27221679687528,26.59936141967796],[84.08177947998053,26.642860412597656],[84.04776000976562,26.54348945617687],[83.9625473022461,26.508600234985295],[83.90220642089838,26.51807975769043],[83.9022827148438,26.450250625610295],[84.01098632812517,26.448459625244197],[84.07200622558611,26.384469985961914],[84.17135620117188,26.373979568481445],[84.15730285644537,26.24413108825695],[84.11295318603544,26.261920928955135],[84.07936859130888,26.22121047973627],[84.00551605224615,26.234069824218864],[84.04905700683622,26.099700927734432],[84.11605072021501,26.074880599975813],[84.16622924804705,25.991500854492188],[84.20181274414091,26.000560760498047],[84.29633331298828,25.946989059448185],[84.35138702392572,25.95934104919445],[84.4233169555664,25.89242172241211],[84.52864074707048,25.87774085998541],[84.52697753906256,25.834329605102653],[84.62021636962896,25.794090270996094],[84.60053253173845,25.76062965393072],[84.63059997558622,25.728340148925838],[84.55562591552763,25.736408233642578],[84.5523300170899,25.684030532837028],[84.53586578369158,25.726490020751953],[84.52458953857422,25.684350967407454],[84.48838806152361,25.67785072326666],[84.44877624511724,25.714490890502873],[84.40187835693371,25.699501037597656],[84.38001251220703,25.74868965148937],[84.33129119873053,25.74457168579096],[84.31858825683588,25.671939849853516],[84.2855758666995,25.661529541015625],[84.20291137695318,25.6696395874024],[84.14823150634794,25.730960845947322],[84.09439086914068,25.72038078308117],[84.07650756835966,25.637531280517692],[83.91705322265653,25.558490753173885],[83.85111999511736,25.473720550537053],[83.8102264404298,25.465919494629134],[83.83837127685564,25.4368896484375],[83.76193237304693,25.387910842895508],[83.69458007812506,25.396099090576115],[83.62238311767607,25.329521179199276],[83.53946685791033,25.317649841308594],[83.34960937500028,25.19894027709961],[83.3181762695312,25.01732063293457],[83.34387207031261,25.01048278808605],[83.38680267334013,24.78421974182129],[83.4798431396485,24.737831115722656],[83.51370239257812,24.681150436401367],[83.49752044677751,24.651660919189396],[83.54141235351568,24.62618064880371],[83.49816894531256,24.527059555053768],[83.71669006347656,24.504949569702376],[83.86804199218778,24.532880783080998],[83.93300628662115,24.551742553710994],[83.99221038818388,24.63803291320812],[84.04673767089855,24.612289428710938],[84.10977935791033,24.481399536132926],[84.1460571289063,24.540300369262752],[84.1792602539063,24.510419845581055],[84.18830108642607,24.55532073974615],[84.25714111328153,24.530750274658203],[84.29297637939464,24.56599044799816],[84.32634735107433,24.50271987915039],[84.29321289062494,24.450822830200195],[84.4935379028322,24.287040710449332],[84.5215225219726,24.37626075744629],[84.57247924804705,24.412340164184798],[84.658256530762,24.39374160766613],[84.67891693115251,24.45634269714367],[84.79532623291021,24.529491424560604],[84.83262634277344,24.511480331421012],[84.83439636230469,24.452520370483455],[84.88017272949219,24.462800979614258],[84.89803314208979,24.372129440307617],[84.96856689453153,24.375949859619197],[85.07615661621122,24.439870834350586],[85.065483093262,24.386760711669922],[85.0894165039063,24.37919998168968],[85.16938018798834,24.42947006225586],[85.15067291259771,24.462869644165096],[85.28196716308622,24.497200012207088],[85.28251647949247,24.52668952941889],[85.4864807128908,24.550750732421932],[85.51830291748041,24.52454948425293],[85.57657623291021,24.60301017761236],[85.66470336914068,24.58193016052246],[85.64952850341791,24.687040328979492],[85.69666290283203,24.713472366333008],[85.73674011230486,24.822650909423885],[85.87777709960943,24.80029106140131],[85.95030212402372,24.732118606567383],[86.05058288574224,24.779541015624943],[86.0390701293947,24.74131965637207],[86.08657836914068,24.746320724487248],[86.1244430541995,24.70516014099121],[86.13329315185564,24.60354042053217],[86.32286071777361,24.584091186523438],[86.27913665771513,24.462001800537166],[86.45220947265625,24.368629455566463],[86.50572204589872,24.5177001953125],[86.60292053222662,24.605068206787223],[86.66839599609403,24.56064033508295],[86.77712249755888,24.619760513305607],[86.80029296875017,24.564601898193587],[86.87639617919939,24.567319869995345],[86.91117858886724,24.53867912292486],[86.93009185791044,24.642820358276424],[87.0504684448245,24.606769561767635],[87.07856750488298,24.82225036621105],[87.15811920166016,24.885631561279354],[87.14676666259794,25.024311065673942],[87.21135711669928,25.089599609375227],[87.29110717773443,25.089269638061523],[87.32345581054705,25.223091125488338],[87.47216033935575,25.1946697235108],[87.48150634765653,25.295171737670955],[87.53974914550798,25.281618118286076],[87.58007049560553,25.348390579223633],[87.60688018798845,25.31138038635254],[87.68415069580095,25.310131072998047],[87.70778656005876,25.25640869140625],[87.78330993652361,25.2461776733399],[87.787582397461,25.22048950195324],[87.83664703369169,25.199260711669865],[87.8227767944336,25.234340667724723],[87.85652160644526,25.277772903442496],[87.78398132324224,25.332429885864315],[87.75910186767595,25.40504074096691],[87.78132629394543,25.444650650024528],[87.86347198486334,25.465389251708984],[87.87921905517572,25.515970230102653],[87.92604827880865,25.536212921142635],[88.06593322753935,25.48115158081066],[88.06815338134771,25.4898490905764],[88.06981658935564,25.501882553100586],[88.06642913818365,25.50503921508789],[88.06385040283197,25.506170272827262],[88.0559768676759,25.529930114746094],[88.04605102539068,25.53433036804205],[88.0390930175783,25.533189773559513],[88.02704620361322,25.55327033996582],[88.02961730957037,25.55948066711437],[88.03547668457048,25.560380935669173],[88.02526855468761,25.569091796875057],[88.03138732910185,25.587499618530273],[88.03858947753912,25.595041275024414],[88.0356521606447,25.596981048583984],[88.02970123291044,25.60003852844244],[88.04139709472673,25.605499267578125],[88.03930664062517,25.608489990234318],[88.03724670410162,25.615577697753906],[88.04347991943376,25.63207054138195],[88.03555297851568,25.63683128356945],[88.04448699951178,25.642879486084098],[88.04731750488298,25.64302253723156],[88.04853820800793,25.643909454345703],[88.04397583007841,25.65258026123047],[88.04910278320318,25.681470870971793],[88.04862976074236,25.690570831298942],[87.89846801757841,25.769760131836165],[87.91050720214838,25.81480979919428],[87.88339996337919,25.82860946655279],[87.91091156005876,25.85174942016613],[87.8228378295899,25.871467590332145],[87.80696105957048,25.929918289184513],[87.8268127441408,25.931850433349723],[87.82830810546875,25.94111061096197],[87.82390594482416,25.946451187133846],[87.82704925537115,25.95358085632347],[87.83097839355469,25.962230682373047],[87.82618713378935,25.983682632446403],[87.82720184326189,25.992340087890852],[87.8333358764649,26.0010929107666],[87.84165191650385,26.03230094909668],[87.8760604858399,26.066190719604435],[87.8882675170899,26.071939468383846],[87.89256286621122,26.080350875854492],[87.89572906494146,26.07987022399908],[87.91750335693371,26.088010787963867],[87.921859741211,26.076871871948185],[87.93112945556658,26.06895065307623],[87.95984649658214,26.084039688110295],[87.96813201904314,26.081361770629826],[87.97219085693365,26.08485031127924],[87.96948242187517,26.091648101806697],[87.95440673828142,26.102792739868164],[87.96935272216803,26.109310150146484],[87.9674072265625,26.1253719329834],[87.96784210205084,26.13183021545416],[87.96877288818365,26.13935089111328],[87.96334075927729,26.14888954162592],[87.98210906982428,26.1591796875],[87.9960327148438,26.14179039001465],[88.00681304931669,26.143289566040096],[88.01509094238281,26.142908096313533],[88.01174163818388,26.154790878295955],[88.0336303710938,26.170289993286133],[88.0374374389649,26.177700042724723],[88.05864715576183,26.173759460449276],[88.06983184814453,26.175718307495117],[88.07298278808622,26.18539047241211],[88.0872421264649,26.194440841674805],[88.08969116210943,26.203231811523438],[88.09359741210966,26.206539154052678],[88.10246276855474,26.212249755859432],[88.10572814941412,26.216400146484375],[88.11601257324224,26.222980499267578],[88.11995697021501,26.227949142455998],[88.12612915039068,26.226919174194393],[88.1374130249024,26.243770599365234],[88.15882873535185,26.256910324096793],[88.16311645507818,26.257530212402457],[88.17690277099621,26.26172828674322],[88.20410156250017,26.279590606689396],[88.21425628662115,26.28168106079096],[88.22101593017572,26.288219451904297],[88.22677612304705,26.296649932861385],[88.26526641845697,26.336490631103516],[88.269760131836,26.332689285278377],[88.27243804931646,26.33053970336914],[88.279350280762,26.346349716186637],[88.28913879394548,26.351139068603516],[88.28990173339861,26.35691070556652],[88.28189849853533,26.360130310058707],[88.26994323730474,26.378879547119197],[88.25489807128912,26.374469757080135],[88.2451171875,26.37599754333496],[88.2317123413086,26.384901046753043],[88.23044586181646,26.393960952758903],[88.26834869384783,26.417921066284123],[88.25219726562506,26.43379020690918],[88.24340057373047,26.44930076599144],[88.17903900146513,26.490579605102596],[88.23120117187506,26.551982879638672],[88.14539337158209,26.510971069335994],[88.10614776611357,26.535623550415096]]]},"properties":{"ID_0":105,"ISO":"IND","NAME_0":"India","ID_1":5,"NAME_1":"Bihar"}},
{"type":"Feature","geometry":{"type":"Polygon","coordinates":[[[76.81050872802734,30.684951782226562],[76.8211059570313,30.69678115844738],[76.82480621337885,30.73081970214855],[76.82818603515636,30.763790130615234],[76.79313659667963,30.766519546508903],[76.80345153808594,30.77760124206543],[76.80216979980469,30.781829833984375],[76.796127319336,30.785770416259822],[76.78093719482416,30.773870468139762],[76.7726669311524,30.783081054687614],[76.77629089355474,30.784040451049805],[76.7676010131836,30.79511833190918],[76.75092315673834,30.796848297119197],[76.74575042724615,30.794637680053768],[76.739990234375,30.791080474853516],[76.73822021484375,30.789850234985295],[76.73515319824213,30.783000946045036],[76.72924041748041,30.7762508392334],[76.71832275390636,30.769092559814567],[76.69062805175787,30.760080337524528],[76.6929321289063,30.75739097595215],[76.70992279052746,30.73548126220703],[76.71533966064453,30.714979171752873],[76.71520233154303,30.713300704956055],[76.72690582275402,30.70755004882824],[76.72458648681646,30.703790664672965],[76.7328872680664,30.697160720825195],[76.73847961425787,30.68915176391613],[76.7943725585938,30.66931915283203],[76.80591583251947,30.680259704589957],[76.81050872802734,30.684951782226562]]]},"properties":{"ID_0":105,"ISO":"IND","NAME_0":"India","ID_1":6,"NAME_1":"Chandigarh"}},
{"type":"Feature","geometry":{"type":"Polygon","coordinates":[[[84.00250244140653,22.520860671997184],[84.00505065917986,22.569562911987532],[84.08039093017595,22.63655090332054],[84.22061157226562,22.668910980224666],[84.22535705566423,22.735160827636946],[84.28528594970709,22.76337051391613],[84.32946014404291,22.859550476074276],[84.369888305664,22.86450004577648],[84.38905334472662,22.938739776611328],[84.37053680419928,22.975070953369254],[84.21705627441418,22.976472854614315],[84.189926147461,23.023719787597713],[84.14800262451178,22.963869094848633],[84.12937927246088,23.08154106140148],[84.03367614746111,23.13844108581543],[84.0702514648437,23.329990386962947],[84.04338836669939,23.374010086059627],[84.00653076171903,23.352800369262752],[83.96582794189459,23.381210327148494],[84.0226669311524,23.544240951538143],[84.00702667236334,23.632310867309684],[83.9378890991211,23.6224308013916],[83.93525695800798,23.563039779663086],[83.774887084961,23.599500656127987],[83.71472930908203,23.682540893554915],[83.72940063476557,23.754730224609318],[83.69538879394537,23.82066917419428],[83.56121063232439,23.86295127868658],[83.50670623779303,24.02824020385748],[83.44758605957037,24.042480468750057],[83.42536926269526,24.08376121520996],[83.32356262207048,24.101329803466854],[83.18956756591808,23.921100616455192],[83.0866012573245,23.878171920776424],[82.9388198852539,23.875869750976562],[82.8077774047851,23.963058471679688],[82.65651702880854,23.907861709594783],[82.65202331542974,23.85650062561035],[82.52735137939482,23.82407951354992],[82.54451751709013,23.794189453125114],[82.51619720459001,23.7842311859132],[82.46002197265653,23.811399459838867],[82.22614288330084,23.806932449340877],[82.20388793945341,23.85299110412609],[82.16240692138678,23.81995964050293],[82.04540252685541,23.8205890655517],[82.00073242187528,23.863140106201286],[81.91644287109403,23.872989654541243],[81.78266143798834,23.81184005737316],[81.71906280517572,23.8404293060305],[81.66159820556652,23.925598144531364],[81.61051177978544,23.906972885131893],[81.59844207763678,23.853679656982422],[81.68728637695318,23.721349716186523],[81.56973266601562,23.588649749755973],[81.60704803466808,23.506889343261776],[81.628227233887,23.49036979675293],[81.73603057861322,23.567430496215934],[81.82717895507841,23.51128959655773],[81.91635894775396,23.532091140747127],[81.9761199951173,23.413110733032283],[82.01597595214855,23.42350959777832],[82.04573822021496,23.377870559692496],[82.09848022460955,23.39770126342779],[82.1109008789063,23.355840682983512],[82.18585968017584,23.325389862060774],[82.14248657226557,23.227701187133846],[82.15107727050776,23.14174079895031],[82.11588287353521,23.103799819946232],[82.06713104248075,23.116817474365178],[82.02408599853533,23.08012008666998],[81.93810272216803,23.077810287475586],[81.9402465820313,22.957090377807617],[81.85634613037138,22.890859603881836],[81.76940155029325,22.87350845336914],[81.76272583007841,22.663589477539062],[81.7405395507813,22.648069381713867],[81.72294616699224,22.676210403442383],[81.65654754638689,22.63200187683117],[81.61579132080084,22.539020538330135],[81.51906585693365,22.53998184204113],[81.39655303955095,22.441320419311523],[81.37873840332043,22.505300521850643],[81.32293701171892,22.524330139160156],[81.30396270751964,22.481750488281364],[81.27546691894548,22.4994411468507],[81.21839141845703,22.451650619506836],[81.18004608154291,22.4901504516601],[81.10999298095714,22.441120147705135],[81.1138458251956,22.29438018798851],[81.08467864990229,22.2467498779298],[81.0194473266601,22.229190826416016],[81.01579284667997,22.132709503173885],[80.97175598144526,22.12148094177246],[81.00427246093756,22.070020675659407],[80.97885131835955,22.048311233520508],[80.9505233764649,22.11301040649414],[80.90608978271496,22.11444091796875],[80.84577178955084,21.960899353027344],[80.81844329834001,21.956790924072266],[80.84117126464844,21.85645294189476],[80.81120300292986,21.747491836547795],[80.74297332763678,21.757961273193416],[80.7263259887697,21.731029510498104],[80.73021697998053,21.472051620483455],[80.65653228759783,21.3307723999024],[80.67295074462896,21.298288345337028],[80.63530731201166,21.250139236450252],[80.45729827880871,21.172840118408146],[80.43331909179682,21.09715080261242],[80.4237594604495,21.00959014892601],[80.45555877685553,20.932109832763786],[80.54183959960932,20.93391990661621],[80.5455322265625,20.76536941528326],[80.58011627197271,20.683641433715877],[80.4815979003908,20.61709976196289],[80.5119018554687,20.585119247436523],[80.62232208251982,20.603862762451286],[80.5860214233399,20.395610809326115],[80.61776733398438,20.33368110656744],[80.5108261108399,20.269611358642635],[80.38295745849604,20.241720199584904],[80.41398620605474,20.1902313232423],[80.3938369750976,20.144020080566463],[80.49803161621111,20.138919830322266],[80.54615783691412,20.065710067749023],[80.52037811279303,19.93087959289562],[80.44370269775396,19.952671051025504],[80.40629577636719,19.932500839233512],[80.4076766967774,19.905902862549055],[80.482650756836,19.898899078369254],[80.4975204467774,19.8687496185305],[80.39470672607428,19.79457855224615],[80.47808837890636,19.772409439087028],[80.46916198730497,19.824661254882812],[80.54242706298828,19.819271087646484],[80.53967285156256,19.77459907531744],[80.66584014892578,19.692211151123047],[80.65685272216791,19.612260818481445],[80.82760620117205,19.562671661376896],[80.89206695556658,19.465681076049805],[80.78793334960955,19.426700592041016],[80.84500885009771,19.36091041564947],[80.74923706054688,19.286741256713867],[80.68860626220709,19.283489227294922],[80.67189025878935,19.32644844055187],[80.61015319824236,19.307140350341797],[80.56781768798845,19.400920867919865],[80.38334655761713,19.23913955688488],[80.38667297363287,19.18902015686035],[80.3248519897461,19.141532897949446],[80.26772308349638,18.98732948303234],[80.2676391601563,18.92878913879406],[80.34850311279297,18.823940277099553],[80.24215698242216,18.759748458862305],[80.26753997802763,18.71796989440918],[80.33879089355474,18.588209152221793],[80.48838806152355,18.62672042846674],[80.7265396118164,18.40899085998541],[80.74462127685564,18.30218124389654],[80.78827667236322,18.24978065490717],[80.73326873779303,18.218790054321346],[80.7345581054688,18.17171287536621],[80.79792785644537,18.16629981994629],[80.82958984375006,18.23411941528326],[80.86749267578125,18.207258224487532],[80.8620223999024,18.132669448852482],[80.97367858886719,18.168149948120174],[80.94399261474615,18.081020355224723],[81.03244781494158,17.789730072021598],[81.07360076904325,17.78629112243658],[81.15956878662115,17.852630615234318],[81.25403594970732,17.812129974365234],[81.3849716186524,17.806592941284293],[81.39382934570341,17.885139465332088],[81.43725585937506,17.875938415527344],[81.47731018066412,17.970020294189396],[81.52796173095703,18.259080886840934],[81.65866851806646,18.31109809875494],[81.65809631347662,18.339290618896428],[81.74491119384771,18.345350265503157],[81.76210021972662,18.411310195922965],[81.8579406738283,18.51305961608898],[81.90859985351574,18.564228057861328],[81.94690704345709,18.55915069580078],[81.9545288085938,18.586709976196346],[81.88537597656244,18.65032958984375],[81.94744110107428,18.628820419311637],[81.96768188476568,18.690612792968807],[82.07858276367216,18.71208190917963],[82.08141326904325,18.755870819091797],[82.16114807128935,18.790960311889762],[82.17272949218756,18.895288467407227],[82.23956298828153,18.910459518432617],[82.19409179687506,19.060220718383732],[82.21211242675776,19.090549468994254],[82.15978240966803,19.12648010253912],[82.17878723144548,19.158859252929744],[82.15172576904303,19.26546287536644],[82.18316650390642,19.31970024108898],[82.14083099365251,19.3619194030764],[82.18305969238293,19.417610168456974],[82.11930847167974,19.423900604248104],[82.09207916259777,19.509840011596793],[82.02239227294922,19.501802444458008],[82.05982971191412,19.78309822082514],[81.98014831542997,19.795780181884766],[81.96037292480486,19.85473823547386],[81.84963226318365,19.908050537109375],[81.86653900146501,20.03603935241705],[81.94135284423834,20.102251052856445],[82.02440643310575,20.010040283203068],[82.05789947509771,20.049869537353516],[82.17846679687506,19.97808265686035],[82.23062896728516,19.998081207275504],[82.33944702148443,19.8299617767334],[82.44239044189453,19.902982711791935],[82.59349822998053,19.864540100097656],[82.5850601196289,19.771049499511662],[82.645736694336,19.825370788574332],[82.70271301269548,19.831039428711165],[82.70748901367205,19.990219116210938],[82.5983657836914,19.985639572143555],[82.39086151123064,20.059589385986328],[82.37892913818365,20.144630432128963],[82.42922973632812,20.282962799072322],[82.39377593994146,20.33552169799799],[82.42916870117182,20.425752639770508],[82.32401275634777,20.55388069152832],[82.36823272705084,20.62405967712425],[82.33512878417963,20.758518218994254],[82.34661865234392,20.883848190307845],[82.4590530395509,20.823841094970703],[82.48567199707048,20.903511047363338],[82.62230682373053,21.036569595337028],[82.63594055175781,21.149450302124023],[82.78884887695341,21.13927268981945],[82.95606994628912,21.175489425659237],[83.11984252929705,21.101060867309684],[83.19010162353521,21.13552856445324],[83.21835327148443,21.26012039184593],[83.27455902099626,21.285671234131087],[83.27001953125006,21.375038146972884],[83.40265655517607,21.34843063354515],[83.33463287353533,21.495550155639705],[83.38072204589872,21.612751007080078],[83.44123077392595,21.649272918701286],[83.45275878906256,21.605190277099723],[83.48454284667986,21.62556266784668],[83.41974639892584,21.675020217895508],[83.484130859375,21.74155235290533],[83.46717834472673,21.78273963928234],[83.49091339111334,21.81454086303711],[83.53656768798822,21.79393005371105],[83.53124237060547,21.831899642944336],[83.58447265625017,21.843601226806697],[83.60047912597656,21.910840988159123],[83.53517150878912,21.963500976562614],[83.53836822509771,22.055379867553825],[83.60031890869158,22.065509796142578],[83.5591659545899,22.103860855102596],[83.64575195312506,22.224588394165096],[83.75279998779303,22.242860794067383],[83.86100769042963,22.343780517578352],[84.00421142578153,22.36766052246105],[84.04155731201178,22.464109420776424],[83.97609710693365,22.502210617065487],[84.00250244140653,22.520860671997184]]]},"properties":{"ID_0":105,"ISO":"IND","NAME_0":"India","ID_1":7,"NAME_1":"Chhattisgarh"}},
{"type":"Feature","geometry":{"type":"Polygon","coordinates":[[[72.99046325683588,20.292089462280217],[72.98779296874994,20.27466964721674],[72.98005676269537,20.270750045776367],[72.96977996826178,20.27474021911621],[72.95078277587885,20.29202079772955],[72.93811035156256,20.288009643554744],[72.92459106445318,20.278659820556754],[72.9223098754884,20.274400711059684],[72.9436721801759,20.24488067626953],[72.96534729003906,20.237180709838867],[72.97437286376959,20.214971542358512],[72.97042846679682,20.212329864501953],[72.9732284545899,20.130800247192496],[72.98532104492188,20.113451004028263],[73.00431060791021,20.117919921875057],[73.00771331787115,20.1294002532959],[73.00763702392578,20.132469177246207],[73.01747894287115,20.134958267212028],[73.01667022705084,20.13049125671398],[73.0452728271485,20.071781158447266],[73.05921173095709,20.06793022155773],[73.05799102783203,20.0967311859132],[73.08831787109375,20.094469070434627],[73.10517120361334,20.087219238281307],[73.11038208007824,20.08461189270031],[73.11183166503906,20.083011627197266],[73.1231307983399,20.077939987182617],[73.12773895263683,20.07816123962408],[73.13669586181652,20.085250854492188],[73.1444931030274,20.07785987854004],[73.1702270507813,20.065601348877067],[73.17539215087896,20.05805015563959],[73.1837997436524,20.052299499511776],[73.18586730957037,20.052900314330998],[73.21393585205084,20.090641021728516],[73.21774291992193,20.106340408325252],[73.210952758789,20.12360000610363],[73.19597625732428,20.139940261840934],[73.19532775878906,20.150939941406364],[73.19924163818365,20.161640167236328],[73.2267303466798,20.176361083984318],[73.22915649414068,20.18429946899414],[73.20993041992193,20.19735145568859],[73.20440673828136,20.19832038879406],[73.1885375976563,20.200620651245174],[73.18017578125006,20.208608627319336],[73.15364074707037,20.202220916748047],[73.15284729003912,20.202760696411133],[73.14981842041021,20.205600738525504],[73.14218139648443,20.204389572143555],[73.14602661132818,20.18739128112793],[73.14839935302734,20.18548011779791],[73.12494659423828,20.156660079955998],[73.11679840087896,20.15879058837902],[73.10910034179682,20.15920066833496],[73.09948730468756,20.17257118225109],[73.09790802001953,20.173349380493107],[73.08991241455084,20.17043113708496],[73.0864868164063,20.15700149536127],[73.07553100585932,20.160079956054744],[73.07048034667974,20.19737052917486],[73.0666275024414,20.197879791259766],[73.07685852050776,20.22980117797863],[73.08754730224604,20.23397254943859],[73.10192871093756,20.228942871093864],[73.10852050781244,20.23855018615734],[73.11331176757812,20.24418067932129],[73.13684844970709,20.26046943664562],[73.14260101318365,20.268630981445426],[73.14628601074213,20.280530929565487],[73.146957397461,20.281049728393555],[73.15355682373047,20.277019500732422],[73.1551971435548,20.285419464111328],[73.15820312500006,20.290481567382812],[73.16129302978521,20.29179191589361],[73.16680145263678,20.28341102600092],[73.1795425415039,20.28986167907715],[73.1771087646485,20.30759811401373],[73.17801666259766,20.310710906982536],[73.17710113525396,20.31232261657715],[73.14731597900396,20.316829681396428],[73.13931274414068,20.309579849243164],[73.1156616210938,20.304040908813477],[73.12195587158209,20.332878112793026],[73.11801147460949,20.342870712280273],[73.11425018310541,20.352790832519474],[73.11138153076166,20.356098175048942],[73.10542297363293,20.360540390014762],[73.10212707519537,20.358459472656364],[73.09741210937511,20.335098266601562],[73.0862884521485,20.32611083984375],[73.0752563476563,20.32962989807129],[73.06668090820318,20.326080322265568],[73.05512237548822,20.325241088867244],[73.04416656494146,20.291112899780387],[73.03726959228521,20.290599822998104],[73.0198364257812,20.31739807128912],[73.020492553711,20.290901184082088],[72.99046325683588,20.292089462280217]]]},"properties":{"ID_0":105,"ISO":"IND","NAME_0":"India","ID_1":8,"NAME_1":"Dadra and Nagar Haveli"}},
{"type":"Feature","geometry":{"type":"MultiPolygon","coordinates":[[[[72.8658981323245,20.467510223388615],[72.83264160156256,20.445972442626953],[72.821533203125,20.371080398559627],[72.84253692626959,20.399200439453125],[72.87010955810541,20.391241073608512],[72.87552642822271,20.38105010986328],[72.87445831298857,20.39346122741722],[72.86947631835949,20.403991699218807],[72.86892700195341,20.405929565429744],[72.85105895996111,20.41230964660656],[72.84403228759783,20.415718078613224],[72.84059906005876,20.41768074035639],[72.83860015869169,20.43820953369152],[72.85116577148449,20.45485115051281],[72.8658981323245,20.467510223388615]]],[[[70.9485473632813,20.733741760253906],[70.92965698242193,20.731920242309798],[70.90487670898443,20.726528167724553],[70.89208221435553,20.70819091796875],[70.99736022949224,20.713470458984318],[70.96263885498053,20.72938156127924],[70.9485473632813,20.733741760253906]]],[[[70.76802825927734,20.9619598388673],[70.75553894042974,20.97384071350109],[70.74166107177763,20.990100860595817],[70.73384857177763,20.988439559936637],[70.73072052001959,20.960140228271598],[70.71758270263678,20.912130355835075],[70.6941680908206,20.88296127319336],[70.67632293701189,20.818820953369254],[70.68196868896513,20.801111221313477],[70.68295288085932,20.78413009643549],[70.67521667480474,20.770469665527457],[70.67677307128912,20.76864051818842],[70.74375152587919,20.71986007690424],[70.8165283203125,20.71903038024925],[70.82235717773466,20.690969467163086],[70.87040710449247,20.718719482422102],[70.84034729003923,20.728450775146655],[70.85456085205107,20.752082824707088],[70.85441589355463,20.753471374512003],[70.89617919921903,20.824792861938704],[70.81696319580084,20.851200103759822],[70.90023803710955,20.885700225830305],[70.88968658447294,20.935850143432617],[70.88020324707048,20.955379486084098],[70.86209869384783,20.960790634155217],[70.851303100586,20.96313095092779],[70.84601593017607,20.97055053710949],[70.82498931884777,20.960401535034293],[70.80789184570312,20.964439392089957],[70.7935333251956,20.959449768066463],[70.77926635742182,20.967010498046875],[70.77303314209001,20.961170196533203],[70.76802825927734,20.9619598388673]]]]},"properties":{"ID_0":105,"ISO":"IND","NAME_0":"India","ID_1":9,"NAME_1":"Daman and Diu"}},
{"type":"Feature","geometry":{"type":"Polygon","coordinates":[[[77.19444274902338,28.8022918701173],[77.21732330322277,28.835279464721793],[77.19348907470697,28.8653507232666],[77.18363952636719,28.862300872802848],[77.16458892822271,28.86063003540039],[77.15065002441412,28.848449707031364],[77.13558959960943,28.852689743041992],[77.12854003906256,28.86539077758789],[77.10970306396496,28.86613273620617],[77.09945678710932,28.87244033813471],[77.08335113525396,28.87461853027355],[77.04975891113287,28.873189926147575],[77.03766632080072,28.8527774810791],[76.98349761962885,28.839080810546932],[76.97955322265625,28.836700439453125],[76.95800781250006,28.830329895019645],[76.94822692871094,28.817661285400504],[76.94657135009771,28.77403068542492],[76.93820953369146,28.75962066650385],[76.9503173828125,28.746650695800724],[76.94126129150396,28.717029571533203],[76.94999694824224,28.694129943847713],[76.94725036621088,28.677160263061637],[76.94255065917969,28.675111770629996],[76.91821289062511,28.65327072143566],[76.91034698486334,28.637830734253043],[76.8936767578125,28.632751464843864],[76.87793731689459,28.637630462646598],[76.85481262207031,28.59235191345215],[76.83502960205084,28.591400146484375],[76.83291625976568,28.582508087158317],[76.85920715332037,28.541919708251953],[76.87946319580084,28.523998260498047],[76.8793716430664,28.509050369262695],[76.89372253417969,28.516141891479606],[76.90847778320324,28.51490974426281],[76.93321990966803,28.51604080200201],[76.97653198242193,28.523809432983512],[77.00554656982428,28.514440536499137],[77.0002059936524,28.54199981689453],[77.01566314697271,28.5333194732666],[77.0196380615235,28.53327178955078],[77.07247924804693,28.52028083801281],[77.09031677246094,28.505451202392692],[77.10766601562494,28.49386978149414],[77.10334014892578,28.483108520507812],[77.1125106811524,28.450231552124023],[77.13138580322271,28.438701629638615],[77.15186309814464,28.428319931030273],[77.16577148437506,28.40846061706543],[77.19522094726562,28.412530899047795],[77.21530914306646,28.415740966796875],[77.24061584472656,28.428859710693416],[77.24327850341791,28.447490692138672],[77.22574615478516,28.464010238647518],[77.23239898681635,28.475799560546818],[77.25396728515625,28.48554039001465],[77.2780532836914,28.49814987182623],[77.30094909667974,28.49011993408203],[77.3148803710938,28.494569778442383],[77.32898712158209,28.50831985473627],[77.33682250976568,28.515680313110465],[77.33051300048834,28.52410125732422],[77.31488800048834,28.54149055480957],[77.3030624389649,28.55045127868658],[77.29364776611328,28.579719543457145],[77.29490661621105,28.58242988586437],[77.3099212646485,28.598960876464957],[77.3278427124024,28.604881286621207],[77.3175659179688,28.671619415283203],[77.3216781616211,28.711830139160213],[77.31716156005865,28.717220306396484],[77.29563140869146,28.71303939819336],[77.29294586181646,28.709770202636776],[77.28365325927746,28.71898269653326],[77.27111816406244,28.738189697265682],[77.26637268066406,28.73928070068365],[77.25617218017584,28.73991966247553],[77.25319671630854,28.75279045104986],[77.24585723876959,28.757350921630916],[77.22904205322271,28.772438049316406],[77.22090911865246,28.777900695800895],[77.22467803955084,28.78762817382824],[77.21305084228521,28.78643989562994],[77.20845031738287,28.787189483642578],[77.19692230224604,28.795280456542912],[77.19444274902338,28.8022918701173]]]},"properties":{"ID_0":105,"ISO":"IND","NAME_0":"India","ID_1":10,"NAME_1":"Delhi"}},
{"type":"Feature","geometry":{"type":"Polygon","coordinates":[[[74.12602996826178,15.650289535522518],[73.99870300292969,15.611129760742188],[73.94536590576178,15.741521835327092],[73.88244628906256,15.749350547790641],[73.86548614501959,15.797529220581112],[73.83303833007818,15.737751960754395],[73.7185668945313,15.721619606018066],[73.70658874511724,15.72173023223877],[73.69185638427734,15.726909637451229],[73.68013763427763,15.724370956420842],[73.75485992431646,15.617361068725529],[73.73124694824247,15.59041690826416],[73.76457977294928,15.49458026885992],[73.80541992187511,15.49485969543457],[73.78763580322271,15.461527824401855],[73.89679718017607,15.414859771728743],[73.78263854980486,15.410415649414347],[73.8948593139649,15.331810951233138],[73.94847106933605,15.145972251892147],[73.9118041992188,15.084028244018668],[74.05014038085966,14.988195419311523],[74.043197631836,14.918194770813045],[74.10417175292969,14.903750419616642],[74.13342285156256,14.915947914123535],[74.1457061767581,14.91743183135992],[74.17539215087896,14.908919334411678],[74.17516326904314,14.916151046752987],[74.16596221923822,14.936760902404785],[74.169662475586,14.942180633544922],[74.16989898681646,14.94729995727539],[74.19741821289091,14.943269729614258],[74.20416259765642,14.937850952148438],[74.2030868530274,14.92742061614996],[74.21926879882818,14.931380271911621],[74.24386596679693,14.957489967346135],[74.25100708007841,14.960820198059025],[74.26206970214872,14.957551956176758],[74.266586303711,14.966820716858024],[74.27391052246088,14.975221633911246],[74.27159118652372,14.99774169921875],[74.27102661132841,14.998807907104435],[74.28186035156256,15.015571594238338],[74.28978729248064,15.021611213684139],[74.28906250000006,15.030121803283805],[74.27834320068376,15.095899581909123],[74.32190704345709,15.184069633483944],[74.25752258300781,15.257629394531364],[74.34165191650408,15.292930603027457],[74.25633239746122,15.489520072937012],[74.28727722167969,15.526000022888297],[74.25431060791033,15.56583023071289],[74.26747131347673,15.617049217224121],[74.24504089355474,15.665631294250488],[74.21324920654325,15.649029731750488],[74.1901321411134,15.68098068237316],[74.12602996826178,15.650289535522518]]]},"properties":{"ID_0":105,"ISO":"IND","NAME_0":"India","ID_1":11,"NAME_1":"Goa"}},
{"type":"Feature","geometry":{"type":"MultiPolygon","coordinates":[[[[70.87040710449247,20.718719482422102],[70.85456085205107,20.752082824707088],[70.84034729003923,20.728450775146655],[70.87040710449247,20.718719482422102]]],[[[72.67652893066406,21.155700683593807],[72.66513824462896,21.142084121704045],[72.67569732666027,21.10514259338379],[72.6890258789063,21.089860916137695],[72.71041870117216,21.140693664550895],[72.67652893066406,21.155700683593807]]],[[[72.72264099121122,21.665971755981502],[72.71679687500017,21.64459037780756],[72.75096893310553,21.65291595459007],[72.72264099121122,21.665971755981502]]],[[[69.62763977050798,22.459583282470703],[69.58819580078125,22.437080383301065],[69.636528015137,22.406530380249137],[69.65708160400396,22.42819404602062],[69.62763977050798,22.459583282470703]]],[[[69.13680267334013,22.477638244628906],[69.09348297119146,22.461530685424805],[69.08486175537115,22.42095947265625],[69.13680267334013,22.477638244628906]]],[[[69.91874694824224,22.553195953369084],[69.862358093262,22.527080535888842],[69.94152832031278,22.517915725708008],[69.91874694824224,22.553195953369084]]],[[[70.00903320312528,22.59320068359375],[69.95791625976591,22.54957962036127],[70.027084350586,22.567916870117244],[70.00903320312528,22.59320068359375]]],[[[68.55819702148455,23.313751220703068],[68.56791687011736,23.28124809265148],[68.53819274902361,23.271249771118278],[68.57402801513689,23.245140075683594],[68.61207580566412,23.296531677246378],[68.55819702148455,23.313751220703068]]],[[[68.58902740478544,23.37431144714384],[68.56791687011736,23.372360229492188],[68.57763671875017,23.35235977172863],[68.61736297607428,23.327640533447266],[68.58902740478544,23.37431144714384]]],[[[68.50681304931669,23.45654106140148],[68.50290679931658,23.429311752319506],[68.52652740478533,23.43819427490257],[68.50681304931669,23.45654106140148]]],[[[68.47286224365263,23.480419158935547],[68.41265106201189,23.432081222534237],[68.47458648681669,23.45986366271984],[68.45819091796903,23.417917251587028],[68.48374938964872,23.4029159545899],[68.47286224365263,23.480419158935547]]],[[[68.35846710205072,23.80513954162592],[68.33403015136747,23.71097183227556],[68.31846618652361,23.718200683593807],[68.30625152587908,23.681249618530217],[68.28208160400396,23.67069435119629],[68.28015136718756,23.66263961791998],[68.27430725097685,23.66041946411127],[68.26957702636713,23.649580001830998],[68.23124694824213,23.642915725708235],[68.2593078613283,23.64596176147461],[68.28041839599638,23.652088165283203],[68.31181335449224,23.65014076232933],[68.26013946533209,23.639860153198185],[68.25595855712896,23.645139694213924],[68.23374938964861,23.641250610351506],[68.223197937012,23.64708137512207],[68.21013641357422,23.640417098999137],[68.20458221435564,23.647640228271428],[68.1979064941408,23.59653091430681],[68.25013732910156,23.59069442749029],[68.27709197998053,23.63264274597168],[68.30680847167986,23.630701065063533],[68.27791595458996,23.631250381469727],[68.27430725097685,23.5918102264406],[68.31485748291021,23.583196640014762],[68.38957977294939,23.6859722137454],[68.39041900634771,23.654306411743164],[68.42624664306646,23.794860839843977],[68.39791870117216,23.7848606109622],[68.35846710205072,23.80513954162592]]],[[[68.30790710449247,23.823749542236328],[68.26763916015653,23.77236175537132],[68.27403259277344,23.701250076293945],[68.28569793701178,23.754583358764705],[68.29125213623053,23.727640151977823],[68.32430267334013,23.73430824279791],[68.30790710449247,23.823749542236328]]],[[[68.49652862548857,23.830972671508846],[68.44790649414091,23.806531906128043],[68.4373626708985,23.73931121826172],[68.47680664062506,23.7406902313233],[68.46541595459013,23.775419235229776],[68.48764038085955,23.737081527710245],[68.51680755615251,23.754579544067326],[68.49652862548857,23.830972671508846]]],[[[68.39569091796892,23.878196716308594],[68.37790679931669,23.87430953979515],[68.37708282470709,23.8579158782959],[68.34430694580107,23.83930969238304],[68.3301391601563,23.787361145019702],[68.35514068603521,23.810972213745288],[68.40152740478544,23.790416717529354],[68.37958526611357,23.838195800781307],[68.40541839599626,23.793191909790266],[68.4115295410158,23.820972442627067],[68.42652893066435,23.81042098999029],[68.43930816650419,23.83903121948248],[68.42069244384783,23.86847305297863],[68.39569091796892,23.878196716308594]]],[[[68.44930267334001,23.938472747802848],[68.35291290283232,23.900693893432845],[68.35013580322266,23.845970153808594],[68.37735748291016,23.876529693603686],[68.39347076416021,23.88042068481451],[68.41707611084001,23.87236022949247],[68.42236328124994,23.894861221313704],[68.44209289550787,23.870422363281477],[68.4440307617188,23.919309616089038],[68.45874786376982,23.930690765380803],[68.44930267334001,23.938472747802848]]],[[[68.53541564941435,23.945972442626953],[68.52569580078153,23.892641067504996],[68.48596954345709,23.889869689941634],[68.51708221435553,23.856527328491154],[68.58875274658209,23.91681098938011],[68.55847167968756,23.923194885253906],[68.53541564941435,23.945972442626953]]],[[[68.4820861816408,23.992639541626147],[68.42819213867193,23.937919616699446],[68.44876098632818,23.940139770507983],[68.46291351318365,23.932083129882926],[68.4434661865235,23.848470687866495],[68.51847076416044,23.92430496215843],[68.4820861816408,23.992639541626147]]],[[[68.43013763427763,23.995420455932617],[68.39597320556646,23.9654159545899],[68.35986328125,23.977640151977766],[68.33458709716825,23.917640686035327],[68.27708435058594,23.914861679077262],[68.259017944336,23.875141143798942],[68.317642211914,23.879301071166992],[68.24874877929716,23.853759765625],[68.2873611450197,23.839307785034237],[68.21291351318388,23.834583282470703],[68.23430633544922,23.77486038208002],[68.19264221191412,23.730970382690487],[68.23792266845697,23.681249618530217],[68.2668075561524,23.691806793212947],[68.2656860351563,23.792921066284237],[68.30374908447283,23.824583053588924],[68.33763885498075,23.819305419922102],[68.34485626220709,23.901250839233626],[68.41291809082037,23.92736053466814],[68.43013763427763,23.995420455932617]]],[[[74.32277679443376,23.062690734863395],[74.24603271484403,23.188259124756087],[74.20754241943354,23.192050933837947],[74.1829910278322,23.152219772338867],[74.12702178955107,23.178850173950252],[74.13378143310564,23.269451141357422],[74.04447174072266,23.296091079711914],[73.97103118896479,23.377138137817383],[73.894271850586,23.337139129638672],[73.83213043212919,23.446750640869254],[73.7830657958985,23.434610366821346],[73.76471710205078,23.45857810974144],[73.72614288330078,23.412662506103516],[73.70421600341814,23.455781936645565],[73.6327514648438,23.452392578125114],[73.66073608398455,23.62290191650402],[73.57727050781256,23.655361175537337],[73.51348876953142,23.616811752319336],[73.50853729248064,23.70333099365257],[73.42048645019537,23.779331207275447],[73.3626480102539,23.78742980957037],[73.36207580566406,23.861869812011832],[73.42468261718756,23.931060791015682],[73.37346649169922,24.12813949584961],[73.24582672119169,24.010709762573242],[73.19893646240229,24.051460266113395],[73.2238159179688,24.098220825195426],[73.11416625976568,24.13858985900879],[73.08268737792974,24.184980392455998],[73.1449584960937,24.30785751342779],[73.18062591552729,24.301490783691463],[73.23147583007818,24.364660263061467],[73.16996765136736,24.3506698608399],[73.08496093750006,24.39447021484375],[73.09438323974638,24.49472808837902],[73.00034332275419,24.470630645752067],[72.96327972412115,24.383739471435547],[72.9914627075197,24.363971710205135],[72.92391204833984,24.326322555541935],[72.86811828613287,24.36581039428711],[72.73253631591808,24.361270904541243],[72.69725036621105,24.45721054077171],[72.54457855224626,24.506851196289062],[72.50771331787104,24.409931182861385],[72.46467590332037,24.40711975097662],[72.44248962402344,24.504249572753963],[72.38632202148443,24.500511169433537],[72.35793304443371,24.552511215210075],[72.29512023925787,24.53844070434576],[72.2509994506836,24.580160140991325],[72.35378265380854,24.61810111999523],[72.16539764404314,24.61450004577648],[72.08489990234392,24.652751922607536],[72.08525085449219,24.697008132934513],[72.052490234375,24.705789566039982],[71.94419097900396,24.626779556274528],[71.87647247314459,24.675159454345703],[71.85839080810558,24.60416984558117],[71.81176757812517,24.621820449829215],[71.79898834228533,24.670520782470817],[71.66156005859386,24.63326072692871],[71.5369720458985,24.678920745849723],[71.38305664062506,24.621681213378906],[71.35103607177746,24.653219223022575],[71.2977371215822,24.607641220092717],[71.26095581054693,24.620531082153263],[71.24154663085943,24.626609802246094],[71.20732879638689,24.639549255371037],[71.17164611816423,24.648860931396484],[71.10713958740229,24.68065071105957],[71.02047729492193,24.630510330200195],[70.99826812744158,24.541339874267635],[71.00756835937528,24.442241668701115],[71.118949890137,24.431049346923828],[71.13176727294939,24.401800155639933],[71.04718780517584,24.34733963012701],[70.9597473144533,24.346240997314737],[70.88513946533203,24.290750503539982],[70.89410400390625,24.257097244262752],[70.80576324462919,24.22272682189964],[70.5742492675783,24.2523326873781],[70.57206726074224,24.344549179077205],[70.61186981201172,24.400539398193587],[70.57486724853516,24.42031478881853],[70.11904144287115,24.29069900512718],[70.05930328369158,24.192802429199503],[70.00064086914091,24.166395187378157],[69.72457885742193,24.175096511840877],[69.60067749023466,24.27784729003912],[69.50116729736328,24.255020141601506],[69.31027221679705,24.27668762207054],[69.19976806640653,24.235198974609318],[69.09292602539074,24.269083023071516],[69.00053405761736,24.22587966918951],[68.94724273681669,24.276626586914062],[68.88754272460966,24.195850372314453],[68.84772491455095,24.208379745483455],[68.82635498046892,24.3083953857423],[68.77265167236334,24.294136047363224],[68.74924468994169,23.96204566955572],[68.54680633544928,23.963193893432617],[68.55874633789062,23.924028396606445],[68.58847045898466,23.92235755920416],[68.59597015380876,23.941804885864485],[68.619857788086,23.906530380249194],[68.6631927490235,23.91736030578636],[68.51513671875006,23.824861526489485],[68.52513885498075,23.759025573730696],[68.60375213623041,23.850139617920206],[68.76125335693388,23.874870300293082],[68.48902893066412,23.63541984558134],[68.49180603027361,23.5009708404541],[68.55847167968756,23.387069702148665],[68.58097076416021,23.389860153198242],[68.60236358642607,23.359306335449332],[68.60597229003912,23.380973815918196],[68.65235900878935,23.30291748046875],[68.66874694824247,23.32542037963873],[68.6587524414063,23.303470611572322],[68.72402954101568,23.297082901000977],[68.75818634033214,23.33041954040533],[68.72513580322271,23.29569435119646],[68.63014221191412,23.29569435119646],[68.6718063354495,23.269872665405273],[68.60375213623041,23.24292945861839],[68.63069152832048,23.21319389343256],[68.5990295410158,23.240417480468977],[68.5912475585938,23.214311599731673],[68.75930786132818,23.08041763305664],[69.19735717773455,22.838470458984375],[69.355697631836,22.82875251770014],[69.46958160400396,22.77374839782715],[69.55513763427729,22.792360305786133],[69.60069274902372,22.75902748107916],[69.64125061035162,22.766530990600586],[69.63375091552751,22.795419692993164],[69.7051391601563,22.72791671752924],[69.79846954345732,22.850694656372013],[70.13208007812528,22.924581527710075],[70.09097290039062,22.952640533447266],[70.12652587890636,22.94652748107916],[70.11235809326178,22.97263908386242],[70.15319824218756,23.029581069946403],[70.12319183349626,22.960695266723746],[70.21930694580095,22.956249237060547],[70.1979141235351,22.998472213745117],[70.34764099121088,22.93041610717802],[70.38680267333984,22.948194503784237],[70.4012527465822,23.030700683593693],[70.4934692382813,23.07513999938965],[70.16291809082037,22.551530838012923],[69.9762496948245,22.5431938171389],[69.94596862792986,22.52847290039074],[69.95735931396513,22.49541664123535],[69.93486022949247,22.51263999938982],[69.9140243530274,22.45624923706083],[69.87014007568365,22.44652938842802],[69.83625030517607,22.454029083252124],[69.83430480957037,22.500694274902344],[69.79763793945318,22.399858474731445],[69.72820281982428,22.47375106811529],[69.67180633544933,22.45070075988781],[69.69930267334013,22.395969390869197],[69.57569122314482,22.319030761718864],[69.59124755859375,22.360969543457088],[69.5618057250976,22.3556938171389],[69.55069732666044,22.404861450195426],[69.49819183349615,22.435693740844727],[69.52375030517584,22.385694503784407],[69.48847198486334,22.33791732788086],[69.33429718017595,22.330419540405558],[69.31986236572271,22.29124832153326],[69.23263549804705,22.25791740417486],[69.15791320800787,22.312915802001953],[69.19403076171903,22.423749923706225],[69.06930541992216,22.395694732666016],[69.04374694824247,22.432638168335018],[69.06735992431646,22.480140686035213],[68.9845809936524,22.414304733276595],[68.93597412109403,22.310138702392635],[68.95736694335932,22.23765182495123],[69.23179626464872,21.94292068481468],[69.70597076416044,21.538471221923942],[69.7242965698245,21.571250915527344],[69.63263702392578,21.642919540405273],[69.69680786132841,21.592920303344783],[69.71736145019537,21.602640151977596],[69.67569732666033,21.63875007629406],[69.73764038085966,21.65041923522955],[69.76431274414074,21.57875061035162],[69.71290588378923,21.528470993041992],[69.77513885498053,21.45985984802269],[69.80513763427763,21.463750839233512],[69.77819824218756,21.457914352416992],[70.09958648681646,21.104581832885856],[70.43902587890642,20.852640151977596],[70.67677307128912,20.76864051818842],[70.67521667480474,20.770469665527457],[70.68295288085932,20.78413009643549],[70.68196868896513,20.801111221313477],[70.67632293701189,20.818820953369254],[70.6941680908206,20.88296127319336],[70.71758270263678,20.912130355835075],[70.73072052001959,20.960140228271598],[70.73384857177763,20.988439559936637],[70.74166107177763,20.990100860595817],[70.75553894042974,20.97384071350109],[70.76802825927734,20.9619598388673],[70.77303314209001,20.961170196533203],[70.77926635742182,20.967010498046875],[70.7935333251956,20.959449768066463],[70.80789184570312,20.964439392089957],[70.82498931884777,20.960401535034293],[70.84601593017607,20.97055053710949],[70.851303100586,20.96313095092779],[70.86209869384783,20.960790634155217],[70.88020324707048,20.955379486084098],[70.88968658447294,20.935850143432617],[70.90023803710955,20.885700225830305],[70.81696319580084,20.851200103759822],[70.89617919921903,20.824792861938704],[70.85441589355463,20.753471374512003],[70.87486267089861,20.726804733276367],[70.91986083984392,20.743471145630053],[70.87374877929688,20.709829330444336],[70.88853454589872,20.709032058716048],[70.89208221435553,20.70819091796875],[70.90487670898443,20.726528167724553],[70.92965698242193,20.731920242309798],[70.9485473632813,20.733741760253906],[70.96263885498053,20.72938156127924],[71.1490325927735,20.757362365722656],[71.37790679931646,20.87402915954607],[71.43958282470732,20.86930465698265],[71.51486206054693,20.948194503784293],[71.80680847167986,21.03791618347168],[71.81986236572277,21.07208251953125],[71.97680664062506,21.12096977233915],[72.01069641113298,21.185970306396598],[72.00763702392595,21.132642745971623],[72.11374664306646,21.19652748107933],[72.07597351074224,21.30208396911621],[72.10901641845714,21.2829208374024],[72.22319793701172,21.438749313354606],[72.30596923828142,21.628469467163313],[72.2412490844726,21.78736114501953],[72.18291473388689,21.823749542236385],[72.24708557128912,21.79097175598139],[72.26457977294939,21.74041748046875],[72.25319671630865,21.897361755371037],[72.22013854980486,21.947919845581055],[72.19013977050776,21.93708038330078],[72.14708709716814,21.954860687255803],[72.14653015136724,21.983472824096964],[72.19069671630888,21.94235992431635],[72.22097015380865,21.956251144409123],[72.23097229003923,22.00764083862333],[72.17236328125028,22.041530609131087],[72.23263549804716,22.017639160156307],[72.23319244384794,22.05375289916998],[72.27819061279303,22.080419540405217],[72.26541900634777,22.105419158935547],[72.30014038085966,22.108749389648438],[72.29792022705095,22.06347084045416],[72.24153137207037,22.049583435058764],[72.2784729003908,21.932079315185774],[72.32375335693365,22.130136489868164],[72.29430389404314,22.202362060547046],[72.34349060058588,22.124860763549748],[72.35764312744158,22.192920684814624],[72.37596893310564,22.149860382080078],[72.39152526855497,22.16791534423851],[72.35624694824247,22.271249771118107],[72.39958190917986,22.199306488037166],[72.41652679443388,22.227361679077376],[72.41374969482428,22.297637939453182],[72.37291717529314,22.313751220703296],[72.40430450439482,22.351528167724666],[72.36096954345709,22.371530532837028],[72.3815307617188,22.385419845581225],[72.41263580322271,22.35625076293968],[72.38874816894548,22.310417175293026],[72.4351425170899,22.301250457763842],[72.47069549560575,22.2387504577639],[72.49291992187506,22.248193740844727],[72.48596954345697,22.197359085083065],[72.54264068603533,22.280971527099894],[72.54125213623075,22.243194580078125],[72.63541412353521,22.28458213806175],[72.6879196166995,22.23846817016613],[72.7520828247072,22.23097038269043],[72.84375000000028,22.28236389160179],[72.86680603027355,22.24263954162592],[72.91958618164068,22.2695827484132],[72.87790679931669,22.223751068115348],[72.8087463378908,22.245971679687614],[72.75402832031256,22.173194885253906],[72.64736175537126,22.217084884643782],[72.58319091796886,22.201812744140625],[72.50235748291044,21.955141067504996],[72.51763916015625,21.85736083984375],[72.56986236572294,21.824308395385742],[72.50736236572283,21.701250076294002],[72.53763580322294,21.664304733276424],[72.73625183105486,21.689582824707088],[72.83513641357428,21.66792106628418],[72.62819671630871,21.61680984497076],[72.59735870361322,21.55236053466797],[72.62568664550787,21.492359161376953],[72.68319702148438,21.542919158935547],[72.74263763427746,21.545694351196232],[72.67402648925776,21.52042007446289],[72.64514160156256,21.433750152588004],[72.69680786132818,21.4645805358889],[72.58735656738287,21.275688171386776],[72.60958099365251,21.229860305786133],[72.65319824218778,21.226804733276424],[72.61846923828136,21.22263908386242],[72.62708282470732,21.075969696044922],[72.65902709960938,21.087930679321232],[72.6598587036134,21.138750076294002],[72.6670761108399,21.155418395996094],[72.68264007568376,21.15819358825695],[72.72069549560553,21.1431941986084],[72.70430755615246,21.07485961914074],[72.77041625976562,21.066804885864258],[72.723197937012,21.049028396606445],[72.7520828247072,20.94652938842779],[72.77680206298857,20.914859771728572],[72.79374694824224,20.945142745971793],[72.83458709716825,20.781805038452376],[72.88957977294939,20.748195648193416],[72.85098266601574,20.742921829223633],[72.89763641357422,20.58708381652832],[72.8658981323245,20.467510223388615],[72.85116577148449,20.45485115051281],[72.83860015869169,20.43820953369152],[72.84059906005876,20.41768074035639],[72.84403228759783,20.415718078613224],[72.85105895996111,20.41230964660656],[72.86892700195341,20.405929565429744],[72.86947631835949,20.403991699218807],[72.87445831298857,20.39346122741722],[72.87552642822271,20.38105010986328],[72.87010955810541,20.391241073608512],[72.84253692626959,20.399200439453125],[72.821533203125,20.371080398559627],[72.75569152832048,20.29208374023449],[72.73764038085943,20.13653945922863],[72.83534240722668,20.144641876220703],[72.8745422363283,20.225809097289982],[72.97042846679682,20.212329864501953],[72.97437286376959,20.214971542358512],[72.96534729003906,20.237180709838867],[72.9436721801759,20.24488067626953],[72.9223098754884,20.274400711059684],[72.92459106445318,20.278659820556754],[72.93811035156256,20.288009643554744],[72.95078277587885,20.29202079772955],[72.96977996826178,20.27474021911621],[72.98005676269537,20.270750045776367],[72.98779296874994,20.27466964721674],[72.99046325683588,20.292089462280217],[73.020492553711,20.29090118408226],[73.0198364257812,20.31739807128912],[73.03726959228521,20.290599822998104],[73.04416656494146,20.291112899780387],[73.05512237548822,20.325241088867244],[73.06668090820318,20.326080322265568],[73.0752563476563,20.32962989807129],[73.0862884521485,20.32611083984375],[73.09741210937511,20.335098266601562],[73.10212707519537,20.358459472656364],[73.10542297363293,20.360540390014762],[73.11138153076166,20.356098175048942],[73.11425018310541,20.352790832519474],[73.11801147460949,20.342870712280273],[73.12195587158209,20.332878112793026],[73.1156616210938,20.304040908813477],[73.13931274414068,20.309579849243164],[73.14731597900396,20.316829681396428],[73.17710113525396,20.31232261657715],[73.17801666259766,20.310710906982536],[73.1771087646485,20.30759811401373],[73.1795425415039,20.28986167907715],[73.16680145263678,20.28341102600092],[73.16129302978521,20.29179191589361],[73.15820312500006,20.290481567382812],[73.1551971435548,20.285419464111328],[73.15355682373047,20.277019500732422],[73.146957397461,20.281049728393555],[73.14628601074213,20.280530929565487],[73.14260101318365,20.268630981445426],[73.13684844970709,20.26046943664562],[73.11331176757812,20.24418067932129],[73.10852050781244,20.23855018615734],[73.10192871093756,20.228942871093864],[73.08754730224604,20.23397254943859],[73.07685852050776,20.22980117797863],[73.0666275024414,20.197879791259766],[73.07048034667974,20.19737052917486],[73.07553100585932,20.160079956054744],[73.0864868164063,20.15700149536127],[73.08991241455084,20.17043113708496],[73.09790802001953,20.173349380493107],[73.09948730468756,20.17257118225109],[73.10910034179682,20.15920066833496],[73.11679840087896,20.15879058837902],[73.12494659423828,20.156660079955998],[73.14839935302734,20.18548011779791],[73.14602661132818,20.18739128112793],[73.14218139648443,20.204389572143555],[73.14981842041021,20.205600738525504],[73.15284729003912,20.202760696411133],[73.15364074707037,20.202220916748047],[73.18017578125006,20.208608627319336],[73.1885375976563,20.200620651245174],[73.20440673828136,20.19832038879406],[73.20993041992193,20.19735145568859],[73.22915649414068,20.18429946899414],[73.2267303466798,20.176361083984318],[73.19924163818365,20.161640167236328],[73.19532775878906,20.150939941406364],[73.19597625732428,20.139940261840934],[73.210952758789,20.12360000610363],[73.2163162231447,20.121999740600586],[73.28907775878912,20.149562835693303],[73.31114959716797,20.207210540771484],[73.42991638183588,20.206230163574276],[73.42343139648432,20.35209083557129],[73.39134979248075,20.390199661254996],[73.50074005126953,20.540241241455078],[73.40273284912115,20.642599105835075],[73.45369720458996,20.71047019958519],[73.48261260986345,20.71722984313959],[73.49843597412126,20.653419494628906],[73.53837585449224,20.673860549926758],[73.60730743408203,20.636301040649414],[73.67070770263678,20.5623397827149],[73.83828735351562,20.61576080322277],[73.82264709472656,20.693820953369368],[73.94953155517595,20.7423095703125],[73.90644836425787,20.98315048217779],[73.77485656738287,21.01045036315918],[73.74218750000017,21.055500030517692],[73.75260925292997,21.11408996582037],[73.65994262695307,21.108379364013615],[73.58830261230474,21.167900085449446],[73.61316680908232,21.176059722900504],[73.63639831542974,21.13265991210949],[73.82254791259771,21.171920776367244],[73.83213806152372,21.2674503326416],[73.89199066162115,21.26241111755371],[73.94848632812528,21.29755020141613],[73.9528427124024,21.40237045288086],[74.0485458374024,21.419429779052848],[74.06716156005854,21.481931686401367],[74.11097717285168,21.448101043701172],[74.32772064208984,21.49575042724615],[74.30996704101557,21.567321777343807],[74.20523834228544,21.529211044311523],[74.18183135986345,21.561769485473633],[74.02555847167997,21.552619934082088],[73.86078643798822,21.49582290649414],[73.78761291503912,21.625049591064567],[73.89810180664068,21.66727066040039],[73.81051635742193,21.823337554931697],[74.14601898193365,21.954059600830192],[74.15384674072271,21.986419677734318],[74.09770202636736,22.01545906066889],[74.18070983886719,22.08660125732422],[74.13027191162138,22.097709655761776],[74.12277984619146,22.212900161743164],[74.07578277587908,22.22187805175787],[74.07198333740251,22.360240936279297],[74.11196136474638,22.371612548828182],[74.134292602539,22.33233070373535],[74.19106292724615,22.321929931640568],[74.20680236816423,22.367620468139762],[74.29418182373064,22.394468307495345],[74.20461273193365,22.437171936035156],[74.19082641601568,22.477880477905387],[74.18667602539068,22.44415092468256],[74.14424896240251,22.456710815429744],[74.1230010986331,22.420810699463004],[74.07808685302751,22.465642929077262],[74.08526611328153,22.508518218994254],[74.03466796875006,22.508369445800838],[74.06674957275419,22.550899505615178],[74.15332031250011,22.517419815063533],[74.26535797119158,22.64483070373541],[74.3841857910158,22.643569946289062],[74.47891998291044,22.858640670776367],[74.45147705078153,22.923999786376953],[74.40038299560547,22.899379730224553],[74.36202239990263,22.933090209960938],[74.34163665771484,22.96469116210949],[74.37079620361357,22.98005294799799],[74.32277679443376,23.062690734863395]]]]},"properties":{"ID_0":105,"ISO":"IND","NAME_0":"India","ID_1":12,"NAME_1":"Gujarat"}},
{"type":"Feature","geometry":{"type":"Polygon","coordinates":[[[77.5748901367188,30.384519577026424],[77.5098495483399,30.448829650878906],[77.48683166503935,30.41261291503912],[77.41644287109403,30.408391952514876],[77.45053863525396,30.46523094177269],[77.40061187744169,30.418750762939453],[77.34607696533197,30.461900711059627],[77.20260620117216,30.4803409576416],[77.11149597167969,30.56728935241705],[77.15748596191423,30.599550247192383],[77.15177154541033,30.690509796142692],[77.0768432617188,30.74476051330572],[77.01309967041033,30.742208480835075],[76.99796295166044,30.814291000366268],[76.95375061035156,30.81121063232439],[76.9021606445313,30.89722824096691],[76.85243225097685,30.870689392089844],[76.81018829345709,30.93037986755371],[76.76985931396513,30.906391143798942],[76.84678649902361,30.792520523071232],[76.82818603515636,30.763790130615234],[76.82480621337885,30.73081970214855],[76.8211059570313,30.69678115844738],[76.81980895996122,30.68582916259794],[76.83479309082037,30.65582084655773],[76.86222839355486,30.67927169799799],[76.85858154296875,30.6406307220459],[76.91342926025396,30.599702835083008],[76.8888473510745,30.44111061096197],[76.92729949951178,30.388639450073185],[76.88022613525396,30.35970115661621],[76.83245849609392,30.433881759643555],[76.80845642089861,30.411859512329272],[76.75786590576172,30.438890457153263],[76.70014953613287,30.393611907958984],[76.73853302001964,30.35964965820324],[76.71515655517595,30.332910537719727],[76.54763793945341,30.26492118835455],[76.5325317382813,30.227130889892805],[76.58399963378912,30.25653076171875],[76.63891601562506,30.205940246582315],[76.60105133056669,30.08023071289074],[76.45208740234403,30.100709915161246],[76.41020202636736,30.202289581299],[76.38099670410173,30.18324089050293],[76.39000701904303,30.12754058837902],[76.32588195800798,30.14924049377447],[76.34892272949213,30.127660751342887],[76.32289886474615,30.108221054077262],[76.20387268066412,30.158901214599723],[76.1906127929687,30.134960174560717],[76.25499725341803,30.104579925537053],[76.19091796875006,30.016412734985295],[76.20387268066412,29.94412040710455],[76.16629028320318,29.9286594390872],[76.24201202392584,29.869028091430835],[76.1163864135745,29.796400070190373],[76.07766723632841,29.805772781372127],[76.03565216064459,29.746681213378906],[75.87928009033214,29.7470703125],[75.82901763916033,29.81232070922863],[75.77162170410173,29.825389862060547],[75.70593261718778,29.80862045288086],[75.6974487304688,29.755210876464957],[75.62535858154303,29.77322959899925],[75.56878662109403,29.74262046813959],[75.44426727294916,29.807849884033374],[75.33535003662104,29.693849563598746],[75.35044860839861,29.659280776977766],[75.31772613525396,29.6707000732423],[75.2805633544923,29.610109329223746],[75.29606628417963,29.56808090209961],[75.22348022460943,29.546171188354492],[75.2212371826173,29.60655021667486],[75.15783691406267,29.662710189819336],[75.23097991943388,29.75206756591797],[75.18234252929716,29.838701248169116],[75.15405273437506,29.78101921081543],[75.09017944335943,29.806661605835075],[75.0848007202149,29.915140151977482],[75.06548309326172,29.879039764404524],[74.9899291992187,29.85646057128912],[74.91573333740229,29.94915962219244],[74.88523864746094,29.939109802246207],[74.88149261474615,29.968349456787223],[74.80117797851568,29.992572784423942],[74.69078826904303,29.96927070617687],[74.64697265625028,29.904670715332088],[74.51906585693376,29.943349838256893],[74.50502777099621,29.907760620117415],[74.55356597900408,29.865640640259016],[74.46526336669939,29.787549972534407],[74.47200012207037,29.744029998779354],[74.6054000854495,29.752880096435547],[74.5665359497072,29.56349945068365],[74.61440277099626,29.527111053466854],[74.57891082763672,29.45862007141136],[74.529106140137,29.449539184570312],[74.59577941894537,29.328311920166016],[74.64182281494169,29.331199645996207],[74.65017700195324,29.37236976623535],[74.75663757324247,29.355960845947266],[74.84113311767607,29.404069900512923],[74.92714691162138,29.364639282226562],[74.95310974121122,29.28194046020502],[75.0399169921875,29.287149429321516],[75.07807922363298,29.232450485229663],[75.1799926757813,29.268619537353516],[75.22345733642578,29.234951019287166],[75.31926727294928,29.293439865112248],[75.31492614746122,29.235960006713924],[75.39570617675787,29.261940002441463],[75.40065002441406,29.18890953063959],[75.36115264892595,29.14262008667015],[75.39620971679688,29.128440856933707],[75.38065338134771,29.070320129394474],[75.4302597045899,29.06472015380865],[75.43473815917969,29.016540527343693],[75.51110076904303,29.010829925537337],[75.46707916259771,28.926250457763672],[75.55570983886736,28.614591598511026],[75.6180496215822,28.602209091186467],[75.62909698486328,28.545970916748104],[75.77822875976591,28.457611083984432],[75.77031707763678,28.407619476318303],[75.92237854003918,28.368909835815543],[76.09288787841803,28.155218124389705],[76.02774810791033,28.172721862792912],[75.93608856201178,28.093530654907454],[75.98455047607428,28.050741195678825],[76.01564788818371,28.088851928711108],[76.035629272461,28.073980331421126],[75.96998596191423,28.030948638916016],[75.96317291259771,27.936950683593864],[75.92362213134783,27.933090209960994],[75.97738647460938,27.909259796142578],[75.96308135986328,27.864730834960938],[76.08806610107428,27.868448257446346],[76.17292022705095,27.807460784912166],[76.22328186035173,27.840930938720817],[76.1538696289063,27.992530822754077],[76.21382904052746,28.03168106079096],[76.17733764648443,28.059259414672965],[76.25109863281267,28.070920944214095],[76.29715728759771,28.025960922241325],[76.3412628173831,28.03605079650879],[76.35459899902372,28.07420158386242],[76.29740142822294,28.10104942321783],[76.35560607910156,28.128450393676815],[76.27906799316435,28.178720474243164],[76.33590698242216,28.177341461181754],[76.3767700195312,28.138071060180664],[76.47099304199213,28.154741287231502],[76.49780273437506,28.106620788574276],[76.4485702514649,28.09317016601591],[76.49765777587919,28.06473159790039],[76.45372772216803,28.049669265747298],[76.53852081298828,28.039119720458928],[76.53819274902344,27.97054100036621],[76.66007232666016,28.01905059814453],[76.65122985839838,28.096759796142578],[76.79148864746094,28.157241821289176],[76.80136871337908,28.211601257324332],[76.85048675537115,28.22666931152355],[76.96176147460938,28.144010543823356],[76.91864776611322,27.997610092163086],[76.92664337158232,27.83422088623064],[76.88407897949247,27.730909347534293],[76.91456604003912,27.700820922851676],[76.88092041015642,27.69936943054222],[76.9026260375976,27.658519744873274],[76.97049713134794,27.65714263916027],[76.99353790283209,27.741701126098746],[77.07921600341825,27.738410949707145],[77.02066802978544,27.77812004089361],[77.03827667236345,27.820041656494197],[77.12652587890653,27.776460647583008],[77.15061950683611,27.815559387207088],[77.18065643310558,27.808652877807674],[77.16870117187494,27.784900665283203],[77.19384765625028,27.821939468383846],[77.23174285888678,27.785800933838175],[77.27577972412115,27.806549072265625],[77.33933258056646,27.85959053039545],[77.41239166259771,27.859071731567383],[77.41229248046892,27.896158218383903],[77.45848846435547,27.885299682617188],[77.46872711181635,27.932910919189453],[77.53733825683605,27.95776939392107],[77.46887207031278,28.086011886596737],[77.49636840820341,28.159870147705078],[77.54236602783203,28.181659698486328],[77.49211883544928,28.18510055541998],[77.48912048339872,28.211990356445426],[77.51911926269548,28.201780319214095],[77.54120635986322,28.24774169921875],[77.46730041503912,28.269720077514762],[77.49578857421903,28.307041168213004],[77.46375274658232,28.33801078796398],[77.49423980712919,28.35826110839855],[77.47455596923834,28.413511276245174],[77.33773803710955,28.508970260620117],[77.32898712158209,28.50831985473627],[77.3148803710938,28.494569778442383],[77.30094909667974,28.49011993408203],[77.2780532836914,28.49814987182623],[77.25396728515625,28.48554039001465],[77.23239898681635,28.475799560546818],[77.22574615478516,28.464010238647518],[77.24327850341791,28.447490692138672],[77.24061584472656,28.428859710693416],[77.21530914306646,28.415740966796875],[77.19522094726562,28.412530899047795],[77.16577148437506,28.40846061706543],[77.15186309814464,28.428319931030273],[77.13138580322271,28.438701629638615],[77.1125106811524,28.450231552124023],[77.10334014892578,28.483108520507812],[77.10766601562494,28.49386978149414],[77.09031677246094,28.505451202392692],[77.07247924804693,28.52028083801281],[77.0196380615235,28.53327178955078],[77.01566314697271,28.5333194732666],[77.0002059936524,28.54199981689453],[77.00554656982428,28.514440536499137],[76.97653198242193,28.523809432983512],[76.93321990966803,28.51604080200201],[76.90847778320324,28.51490974426281],[76.89372253417969,28.516141891479606],[76.8793716430664,28.509050369262695],[76.87946319580084,28.523998260498047],[76.85920715332037,28.541919708251953],[76.83291625976568,28.582508087158317],[76.83502960205084,28.591400146484375],[76.85481262207031,28.59235191345215],[76.87793731689459,28.637630462646598],[76.8936767578125,28.632751464843864],[76.91034698486334,28.637830734253043],[76.91821289062511,28.65327072143566],[76.94255065917969,28.675111770629996],[76.94725036621088,28.677160263061637],[76.94999694824224,28.694129943847713],[76.94126129150396,28.717029571533203],[76.9503173828125,28.746650695800724],[76.93820953369146,28.75962066650385],[76.94657135009771,28.77403068542492],[76.94822692871094,28.817661285400504],[76.95800781250006,28.830329895019645],[76.97955322265625,28.836700439453125],[76.98349761962885,28.839080810546932],[77.03766632080072,28.8527774810791],[77.04975891113287,28.873189926147575],[77.08335113525396,28.87461853027355],[77.09945678710932,28.87244033813471],[77.10970306396496,28.86613273620617],[77.12854003906256,28.86539077758789],[77.13558959960943,28.852689743041992],[77.15065002441412,28.848449707031364],[77.16458892822271,28.86063003540039],[77.18363952636719,28.862300872802848],[77.18686676025408,28.866819381713867],[77.22119140625017,28.904132843017578],[77.19013977050787,28.95566177368164],[77.21418762207037,29.00596046447754],[77.12204742431646,29.10576820373558],[77.15394592285162,29.335479736328125],[77.12003326416044,29.349790573120174],[77.13938903808594,29.442100524902344],[77.0849075317384,29.53359031677246],[77.143325805664,29.705970764160213],[77.11704254150408,29.770900726318587],[77.27040863037126,30.048339843750057],[77.4144287109375,30.10713005065918],[77.42354583740251,30.16847991943382],[77.57035064697294,30.311229705810604],[77.5748901367188,30.384519577026424]]]},"properties":{"ID_0":105,"ISO":"IND","NAME_0":"India","ID_1":13,"NAME_1":"Haryana"}},
{"type":"Feature","geometry":{"type":"Polygon","coordinates":[[[78.41075897216791,32.51174163818371],[78.3824310302735,32.5296516418457],[78.31040954589872,32.475929260253906],[78.27851867675787,32.50793075561529],[78.29662322998053,32.577510833740405],[78.38881683349638,32.62322998046881],[78.37135314941412,32.76182937622076],[78.2876586914063,32.737831115722656],[78.29572296142607,32.71281051635748],[78.21293640136747,32.66918945312506],[78.15254211425798,32.67901992797857],[78.12149810791021,32.642349243164176],[78.09337615966791,32.662151336669865],[78.06533050537138,32.624279022216854],[78.03389739990251,32.63560867309582],[78.03579711914062,32.59194946289068],[77.9825592041015,32.5865287780764],[77.90325164794939,32.69309997558605],[77.91513061523443,32.76605987548828],[77.76142883300787,32.864830017089844],[77.7901687622072,32.90542984008812],[77.71248626708979,32.97180175781244],[77.66520690917986,32.98603057861351],[77.45522308349626,32.8617401123048],[77.387466430664,32.88552093505865],[77.32789611816412,32.81988143920893],[77.17385864257812,32.93112945556652],[77.14618682861322,32.914020538330305],[77.13639068603521,32.980461120605526],[76.99846649169928,32.98957061767578],[76.91751098632812,33.03367996215849],[76.87719726562511,33.11423873901384],[76.80345916748047,33.15568923950218],[76.82834625244146,33.24639892578131],[76.77826690673822,33.255710601806584],[76.7298660278322,33.1794319152832],[76.62700653076166,33.162479400634766],[76.54747772216791,33.2095298767091],[76.39167785644548,33.186691284179744],[76.27500152587896,33.10398864746088],[76.23728942871105,33.032588958740234],[76.09368896484403,33.00482940673828],[75.94577026367188,32.88513946533209],[75.80795288085966,32.92979049682617],[75.79464721679682,32.87018966674816],[75.91248321533232,32.757122039795036],[75.92362213134783,32.64369964599621],[75.872543334961,32.57619094848633],[75.85096740722673,32.507869720458984],[75.9321670532226,32.41682052612316],[75.8438796997072,32.37931060791021],[75.73639678955084,32.27376174926769],[75.62254333496105,32.23468017578125],[75.62021636962896,32.185169219970874],[75.6618270874024,32.16466903686535],[75.57875823974626,32.08168029785156],[75.68981933593756,32.06153106689476],[75.89454650878935,31.949800491333235],[75.97146606445312,31.81454849243164],[75.9218292236331,31.817180633545036],[76.15349578857428,31.414012908935547],[76.13503265380865,31.361759185791016],[76.17282867431669,31.306739807129077],[76.29609680175781,31.31920051574707],[76.33666229248058,31.353019714355753],[76.31584167480474,31.40237808227539],[76.36313629150396,31.44135093688982],[76.44827270507841,31.30599021911644],[76.43113708496094,31.282840728759822],[76.46671295166021,31.310211181640682],[76.51811218261719,31.262310028076286],[76.5371704101562,31.283950805664176],[76.53495025634766,31.255350112915266],[76.5705032348634,31.280149459838867],[76.601615905762,31.25090980529785],[76.5806121826173,31.21635246276861],[76.62594604492193,31.227090835571346],[76.5903930664062,31.18285942077631],[76.5893173217774,31.12770080566429],[76.62573242187517,31.11024284362793],[76.61006927490251,31.004230499267692],[76.76985931396513,30.906391143798942],[76.81018829345709,30.93037986755371],[76.85243225097685,30.870689392089844],[76.9021606445313,30.89722824096691],[76.95375061035156,30.81121063232439],[76.99796295166044,30.814291000366268],[77.01309967041033,30.742208480835075],[77.0768432617188,30.74476051330572],[77.15177154541033,30.690509796142692],[77.15748596191423,30.599550247192383],[77.11149597167969,30.56728935241705],[77.20260620117216,30.4803409576416],[77.34607696533197,30.461900711059627],[77.40061187744169,30.418750762939453],[77.45053863525396,30.46523094177269],[77.41644287109403,30.408391952514876],[77.48683166503935,30.41261291503912],[77.5098495483399,30.448829650878906],[77.5748901367188,30.384519577026424],[77.56305694580084,30.40448951721197],[77.81064605712896,30.533180236816634],[77.72952270507812,30.5983829498291],[77.78199005126959,30.619358062744425],[77.77905273437494,30.663770675659407],[77.68828582763689,30.76866912841797],[77.74440765380865,30.82985115051281],[77.7445220947265,30.881191253662166],[77.78936767578125,30.858549118042106],[77.79561614990263,30.923799514770508],[77.74559783935553,30.922309875488395],[77.7345733642581,30.959569931030273],[77.81714630126964,30.953569412231502],[77.80060577392572,31.06208038330101],[77.88748931884771,31.154701232910156],[77.95475769042986,31.178779602050838],[78.01423645019531,31.154939651489258],[78.02995300292974,31.185310363769588],[78.35632324218756,31.290870666503906],[78.47010803222673,31.203750610351562],[78.59536743164091,31.236391067504883],[78.64769744873064,31.194669723510856],[78.79503631591808,31.205039978027344],[78.87139892578125,31.107320785522404],[78.99658203125006,31.115339279174748],[78.9068832397461,31.259189605712947],[78.82901000976591,31.33020019531267],[78.82721710205084,31.381280899047965],[78.77643585205095,31.401229858398494],[78.79547882080072,31.452762603759766],[78.71658325195318,31.484882354736442],[78.70664215087908,31.51839256286621],[78.83109283447277,31.61526107788086],[78.77964782714838,31.68984031677246],[78.73439788818388,31.69198036193859],[78.69135284423828,31.79335021972679],[78.77102661132841,31.999811172485465],[78.59733581542986,32.12203216552746],[78.5929107666015,32.218669891357706],[78.53942108154303,32.24998092651367],[78.43920898437517,32.2464599609375],[78.51876068115251,32.41849899292015],[78.43811035156256,32.45639038085949],[78.44503784179699,32.497909545898494],[78.41075897216791,32.51174163818371]]]},"properties":{"ID_0":105,"ISO":"IND","NAME_0":"India","ID_1":14,"NAME_1":"Himachal Pradesh"}},
{"type":"Feature","geometry":{"type":"Polygon","coordinates":[[[78.41075897216791,32.51174163818371],[78.45272064208979,32.579502105713004],[78.62567138671886,32.607051849365234],[78.74592590332048,32.696079254150675],[78.78118133544922,32.475299835205135],[78.97720336914091,32.34276962280296],[79.0492172241211,32.383369445801065],[79.10446929931635,32.371711730957145],[79.1265258789063,32.46430969238298],[79.20295715332037,32.510829925537166],[79.25840759277344,32.52338027954107],[79.31221771240251,32.48709106445324],[79.44801330566423,32.58607864379883],[79.54535675048834,32.60736083984392],[79.56429290771513,32.670761108398494],[79.44857788085955,32.88922882080078],[79.35247039794939,32.979030609130916],[79.40983581542963,33.17877197265625],[79.18546295166021,33.19123077392584],[79.07496643066406,33.228610992431925],[79.06659698486334,33.29589080810547],[78.82325744628912,33.48348999023449],[78.71098327636713,33.654869079589844],[78.783988952637,33.77043151855469],[78.71156311035156,33.92250061035162],[78.7703628540039,34.01972961425781],[78.70638275146513,34.072181701660156],[78.95619964599615,34.217830657959155],[78.98146057128906,34.33285140991211],[78.56933593750006,34.611949920654524],[78.42511749267595,34.60346221923851],[78.39836120605463,34.64863204956083],[78.24803161621122,34.69509887695307],[78.08287048339872,35.082489013671875],[78.12417602539068,35.135421752929915],[78.04276275634771,35.20233154296881],[77.99185180664074,35.3485488891601],[77.9970703125,35.3940887451173],[78.10983276367205,35.476768493652344],[77.99064636230474,35.48711013793957],[77.90296936035168,35.42758941650396],[77.82392883300798,35.50133132934593],[77.15682220458996,35.05469894409191],[77.06836700439447,35.024120330810774],[77.01809692382818,35.03846359252941],[76.99748992919928,34.939151763916016],[76.87004089355486,34.972431182861555],[76.74936676025396,34.92660140991228],[76.74324035644537,34.84009933471691],[76.68181610107422,34.75959014892578],[76.56181335449236,34.758338928222884],[76.47434234619146,34.79437255859398],[76.15791320800787,34.64340972900385],[76.03646087646513,34.67026901245117],[75.74920654296903,34.515830993652344],[75.37782287597662,34.55242156982416],[75.26185607910162,34.610881805419865],[75.24971008300776,34.647312164306584],[75.01874542236328,34.641498565674055],[74.9105072021485,34.68320846557617],[74.70300292968756,34.69308090209972],[74.58017730712902,34.77009963989269],[74.375541687012,34.803443908691406],[74.30729675292963,34.8003044128418],[74.14179229736345,34.691200256347884],[74.01289367675787,34.70985412597662],[73.94155883789068,34.67720031738281],[73.94806671142584,34.573089599609375],[73.89533996582048,34.54666900634777],[73.8987426757812,34.49576950073248],[73.77698516845709,34.416301727295036],[73.76322174072271,34.35963058471691],[73.84175109863298,34.33832168579096],[73.89940643310553,34.359813690185604],[73.9762268066408,34.264808654785156],[73.88321685791021,34.04994964599632],[74.00607299804699,34.022441864013786],[74.12369537353521,34.05517959594749],[74.21467590332037,34.03855514526367],[74.26274108886724,33.97428894042997],[74.21967315673834,33.86717605590832],[74.06572723388678,33.82009887695335],[73.95625305175787,33.72029113769531],[74.02844238281244,33.57468032836914],[74.09571075439464,33.570396423339844],[74.18707275390636,33.45552062988281],[74.17074584960938,33.346649169922046],[74.1029815673831,33.270542144775504],[74.02030181884766,33.258781433105696],[74.01427459716808,33.19824981689453],[74.11170196533209,33.164440155029354],[74.20524597167963,33.04330062866211],[74.34983062744135,33.016250610351506],[74.31803131103533,32.91970062255871],[74.4138946533206,32.90394973754894],[74.46605682373053,32.781360626220646],[74.53153228759771,32.74073028564476],[74.61423492431658,32.75773239135742],[74.64199829101591,32.822898864746094],[74.69702148437517,32.839714050293026],[74.64221191406278,32.61104965209961],[74.69841766357428,32.48493957519537],[74.83532714843756,32.49621200561518],[74.97934722900396,32.44776916503929],[75.03663635253935,32.492069244384766],[75.32232666015636,32.337326049804915],[75.47223663330084,32.34004974365246],[75.50123596191418,32.27605056762707],[75.52921295166021,32.34888076782249],[75.71153259277361,32.41815948486328],[75.872543334961,32.57619094848633],[75.92362213134783,32.64369964599621],[75.91248321533232,32.757122039795036],[75.79464721679682,32.87018966674816],[75.80795288085966,32.92979049682617],[75.94577026367188,32.88513946533209],[76.09368896484403,33.00482940673828],[76.23728942871105,33.032588958740234],[76.27500152587896,33.10398864746088],[76.39167785644548,33.186691284179744],[76.54747772216791,33.2095298767091],[76.62700653076166,33.162479400634766],[76.7298660278322,33.1794319152832],[76.77826690673822,33.255710601806584],[76.82834625244146,33.24639892578131],[76.80345916748047,33.15568923950218],[76.87719726562511,33.11423873901384],[76.91751098632812,33.03367996215849],[76.99846649169928,32.98957061767578],[77.13639068603521,32.980461120605526],[77.14618682861322,32.914020538330305],[77.17385864257812,32.93112945556652],[77.32789611816412,32.81988143920893],[77.387466430664,32.88552093505865],[77.45522308349626,32.8617401123048],[77.66520690917986,32.98603057861351],[77.71248626708979,32.97180175781244],[77.7901687622072,32.90542984008812],[77.76142883300787,32.864830017089844],[77.91513061523443,32.76605987548828],[77.90325164794939,32.69309997558605],[77.9825592041015,32.5865287780764],[78.03579711914062,32.59194946289068],[78.03389739990251,32.63560867309582],[78.06533050537138,32.624279022216854],[78.09337615966791,32.662151336669865],[78.12149810791021,32.642349243164176],[78.15254211425798,32.67901992797857],[78.21293640136747,32.66918945312506],[78.29572296142607,32.71281051635748],[78.2876586914063,32.737831115722656],[78.37135314941412,32.76182937622076],[78.38881683349638,32.62322998046881],[78.29662322998053,32.577510833740405],[78.27851867675787,32.50793075561529],[78.31040954589872,32.475929260253906],[78.3824310302735,32.5296516418457],[78.41075897216791,32.51174163818371]]]},"properties":{"ID_0":105,"ISO":"IND","NAME_0":"India","ID_1":15,"NAME_1":"Jammu and Kashmir"}},
{"type":"Feature","geometry":{"type":"Polygon","coordinates":[[[87.787582397461,25.22048950195324],[87.78330993652361,25.2461776733399],[87.70778656005876,25.25640869140625],[87.68415069580095,25.310131072998047],[87.60688018798845,25.31138038635254],[87.58007049560553,25.348390579223633],[87.53974914550798,25.281618118286076],[87.48150634765653,25.295171737670955],[87.47216033935575,25.1946697235108],[87.32345581054705,25.223091125488338],[87.29110717773443,25.089269638061523],[87.21135711669928,25.089599609375227],[87.14676666259794,25.024311065673942],[87.15811920166016,24.885631561279354],[87.07856750488298,24.82225036621105],[87.0504684448245,24.606769561767635],[86.93009185791044,24.642820358276424],[86.91117858886724,24.53867912292486],[86.87639617919939,24.567319869995345],[86.80029296875017,24.564601898193587],[86.77712249755888,24.619760513305607],[86.66839599609403,24.56064033508295],[86.60292053222662,24.605068206787223],[86.50572204589872,24.5177001953125],[86.45220947265625,24.368629455566463],[86.27913665771513,24.462001800537166],[86.32286071777361,24.584091186523438],[86.13329315185564,24.60354042053217],[86.1244430541995,24.70516014099121],[86.08657836914068,24.746320724487248],[86.0390701293947,24.74131965637207],[86.05058288574224,24.779541015624943],[85.95030212402372,24.732118606567383],[85.87777709960943,24.80029106140131],[85.73674011230486,24.822650909423885],[85.69666290283203,24.713472366333008],[85.64952850341791,24.687040328979492],[85.66470336914068,24.58193016052246],[85.57657623291021,24.60301017761236],[85.51830291748041,24.52454948425293],[85.4864807128908,24.550750732421932],[85.28251647949247,24.52668952941889],[85.28196716308622,24.497200012207088],[85.15067291259771,24.462869644165096],[85.16938018798834,24.42947006225586],[85.0894165039063,24.37919998168968],[85.065483093262,24.386760711669922],[85.07615661621122,24.439870834350586],[84.96856689453153,24.375949859619197],[84.89803314208979,24.372129440307617],[84.88017272949219,24.462800979614258],[84.83439636230469,24.452520370483455],[84.83262634277344,24.511480331421012],[84.79532623291021,24.529491424560604],[84.67891693115251,24.45634269714367],[84.658256530762,24.39374160766613],[84.57247924804705,24.412340164184798],[84.5215225219726,24.37626075744629],[84.4935379028322,24.287040710449332],[84.29321289062494,24.450822830200195],[84.32634735107433,24.50271987915039],[84.29297637939464,24.56599044799816],[84.25714111328153,24.530750274658203],[84.18830108642607,24.55532073974615],[84.1792602539063,24.510419845581055],[84.1460571289063,24.540300369262752],[84.10977935791033,24.481399536132926],[84.04673767089855,24.612289428710938],[83.99221038818388,24.63803291320812],[83.93300628662115,24.551742553710994],[83.86804199218778,24.532880783080998],[83.71669006347656,24.504949569702376],[83.49816894531256,24.527059555053768],[83.39301300048828,24.501190185546932],[83.40013885498058,24.408679962158203],[83.45139312744146,24.36474990844738],[83.37593841552763,24.314540863037337],[83.40188598632841,24.266000747680664],[83.32356262207048,24.101329803466854],[83.42536926269526,24.08376121520996],[83.44758605957037,24.042480468750057],[83.50670623779303,24.02824020385748],[83.56121063232439,23.86295127868658],[83.69538879394537,23.82066917419428],[83.72940063476557,23.754730224609318],[83.71472930908203,23.682540893554915],[83.774887084961,23.599500656127987],[83.93525695800798,23.563039779663086],[83.9378890991211,23.6224308013916],[84.00702667236334,23.632310867309684],[84.0226669311524,23.544240951538143],[83.96582794189459,23.381210327148494],[84.00653076171903,23.352800369262752],[84.04338836669939,23.374010086059627],[84.0702514648437,23.329990386962947],[84.03367614746111,23.13844108581543],[84.12937927246088,23.08154106140148],[84.14800262451178,22.963869094848633],[84.189926147461,23.023719787597713],[84.21705627441418,22.976472854614315],[84.37053680419928,22.975070953369254],[84.38905334472662,22.938739776611328],[84.369888305664,22.86450004577648],[84.32946014404291,22.859550476074276],[84.28528594970709,22.76337051391613],[84.22535705566423,22.735160827636946],[84.22061157226562,22.668910980224666],[84.08039093017595,22.63655090332054],[84.00505065917986,22.569562911987532],[84.00250244140653,22.520860671997184],[84.13492584228516,22.470949172973576],[84.15248870849626,22.400930404663143],[84.28922271728516,22.337320327758846],[84.4260864257813,22.34881019592291],[84.52662658691418,22.420021057128906],[84.74385070800787,22.414751052856502],[84.75269317626947,22.442012786865234],[84.8077926635745,22.446861267089787],[84.89379882812528,22.418010711669922],[85.06249237060564,22.478410720825195],[85.07405853271513,22.348590850830078],[85.11445617675787,22.290489196777344],[85.07051086425798,22.272159576416243],[85.02374267578125,22.11199188232422],[84.97982025146513,22.08468055725109],[85.09543609619169,22.099451065063477],[85.21074676513678,22.043180465698356],[85.230941772461,22.00027084350586],[85.30007934570341,22.10705947875971],[85.39443969726568,22.158599853515682],[85.53954315185547,22.08658981323248],[85.64460754394548,22.090280532836914],[85.6815032958985,22.04878044128418],[85.80204772949224,22.110830307006893],[85.83075714111345,22.07697105407709],[85.78794097900396,22.077190399169922],[85.76074981689453,21.989719390869254],[85.90542602539068,21.96663093566889],[86.0267181396485,22.185222625732536],[85.96978759765625,22.24340057373047],[86.04328918457037,22.306190490722713],[85.99288177490251,22.33815956115734],[86.02124786376982,22.37504005432129],[86.00874328613298,22.424320220947266],[85.95350646972668,22.455972671509016],[86.03849029541033,22.563589096069336],[86.1073303222658,22.484897613525504],[86.27982330322271,22.44552040100109],[86.3527374267581,22.345420837402344],[86.43335723876959,22.301540374755916],[86.49994659423834,22.34095191955572],[86.53237915039068,22.298191070556584],[86.72278594970732,22.215248107910213],[86.80011749267584,22.21363067626953],[86.79026794433605,22.262800216674805],[86.7996063232423,22.240972518921012],[86.81186676025385,22.263931274414176],[86.8856811523437,22.25212097167963],[86.88623046875028,22.29412078857422],[86.82919311523466,22.3245906829834],[86.84393310546875,22.396060943603516],[86.762260437012,22.425231933593807],[86.74540710449224,22.47567939758312],[86.79860687255865,22.498821258545036],[86.75994110107433,22.572429656982536],[86.65170288085955,22.57579040527338],[86.61786651611357,22.673389434814453],[86.5392532348634,22.720649719238338],[86.50659179687506,22.70152091979986],[86.41615295410173,22.776508331298942],[86.4630432128908,22.89663124084484],[86.43282318115246,22.923402786254883],[86.51835632324236,22.944330215454215],[86.540283203125,22.987230300903434],[86.39303588867188,22.97423934936529],[86.29825592041033,23.013282775878963],[86.21247863769537,22.99184989929222],[86.03692626953125,23.143610000610465],[85.9149932861331,23.129529953002987],[85.83155822753906,23.195119857788086],[85.82636260986328,23.26312065124523],[85.87798309326183,23.323709487914982],[85.86625671386736,23.36484909057623],[85.8956909179688,23.37059020996088],[85.86602783203125,23.47023010253912],[85.9439086914063,23.454620361328352],[86.04722595214844,23.493642807006893],[86.01077270507841,23.551649093628157],[86.04686737060564,23.58386993408203],[86.14476776123053,23.567771911621207],[86.14553070068365,23.473070144653263],[86.23874664306658,23.469690322875977],[86.24317932128912,23.419580459594783],[86.27847290039068,23.441120147705078],[86.30000305175781,23.420061111450195],[86.37194824218756,23.4826602935791],[86.35797119140642,23.543060302734375],[86.43988037109386,23.62961006164562],[86.52865600585955,23.628980636596623],[86.69384765625017,23.694520950317383],[86.79203796386713,23.687370300293082],[86.81977081298834,23.761070251464844],[86.79283905029314,23.83138084411621],[86.82077026367193,23.811309814453182],[86.87121582031267,23.844181060791072],[86.88226318359375,23.814479827880973],[86.89501190185575,23.87995147705101],[87.12416076660173,23.7950382232666],[87.1664428710937,23.819589614868278],[87.13092803955107,23.866960525512695],[87.23623657226591,23.853069305419922],[87.21855926513689,23.830801010131836],[87.242729187012,23.826160430908146],[87.24822235107433,23.90701103210455],[87.27041625976562,23.872940063476676],[87.29454803466803,23.898571014404354],[87.2379760742187,24.04121971130371],[87.33235931396513,24.03100967407221],[87.32787322998047,23.995990753173885],[87.4579696655274,23.981420516967887],[87.43383026123075,24.008321762085075],[87.51055145263672,24.039831161498967],[87.49359893798845,24.115209579467773],[87.57615661621094,24.08526039123541],[87.60761260986322,24.128942489624023],[87.56938171386724,24.155651092529354],[87.68956756591803,24.14983940124523],[87.63571166992205,24.242530822753963],[87.75627899169928,24.303592681884766],[87.81002044677751,24.406620025634766],[87.78475189208996,24.414541244507063],[87.82287597656256,24.49440956115734],[87.79515075683611,24.4910507202149],[87.80634307861357,24.545200347900504],[87.76940917968767,24.581760406494368],[87.84821319580084,24.55105018615734],[87.90997314453142,24.593868255615178],[87.8727416992187,24.61071968078619],[87.90161132812506,24.612581253051758],[87.91340637207048,24.65855979919445],[87.88661956787138,24.674102783203125],[87.90083312988298,24.72159957885748],[87.81806182861328,24.765981674194336],[87.83753204345709,24.78780174255394],[87.85453796386724,24.764310836791992],[87.88897705078142,24.85293960571289],[87.97334289550787,24.896482467651367],[87.87697601318376,25.028039932251204],[87.77652740478521,25.091270446777344],[87.787582397461,25.22048950195324]]]},"properties":{"ID_0":105,"ISO":"IND","NAME_0":"India","ID_1":16,"NAME_1":"Jharkhand"}},
{"type":"Feature","geometry":{"type":"Polygon","coordinates":[[[77.54995727539091,18.2913494110108],[77.50950622558622,18.306730270385685],[77.4653930664063,18.259960174560547],[77.43637084960943,18.306491851806584],[77.3588104248048,18.310649871826286],[77.41011047363293,18.388530731201172],[77.3697509765625,18.400709152221793],[77.36962890625006,18.447650909423828],[77.3420791625976,18.430290222168026],[77.31741333007824,18.45379066467308],[77.24022674560541,18.40864753723156],[77.20617675781256,18.2779598236084],[77.17053222656256,18.280870437622013],[77.14998626709013,18.216560363769474],[77.0955429077149,18.195100784301758],[77.10888671875006,18.15269088745123],[76.95410919189482,18.184890747070256],[76.92256164550787,18.116109848022518],[76.96827697753923,18.097110748291016],[76.95464324951183,18.039680480957088],[76.91771697998064,18.03322982788086],[76.9164428710938,17.9150905609132],[76.80280303955084,17.868320465088004],[76.7406768798831,17.898010253906364],[76.73745727539062,17.85705947875988],[76.78816986084013,17.82647132873541],[76.76275634765636,17.787109375000057],[76.71570587158197,17.781919479370345],[76.72760772705084,17.736999511718864],[76.69055175781267,17.679952621460075],[76.61444854736345,17.76831245422369],[76.57322692871088,17.702169418335018],[76.5733032226563,17.760000228881893],[76.52369689941406,17.75889015197754],[76.4892959594726,17.660669326782227],[76.42872619628912,17.644411087036133],[76.41567230224604,17.604200363159293],[76.33167266845709,17.594869613647575],[76.36612701416033,17.522172927856445],[76.34348297119146,17.49435043334961],[76.37503814697294,17.493520736694393],[76.33080291748041,17.468818664550895],[76.3336563110351,17.432292938232536],[76.3731765747072,17.434419631958008],[76.3619995117188,17.375080108642692],[76.40806579589844,17.369289398193416],[76.38170623779325,17.311809539794865],[76.35227203369146,17.31059074401861],[76.34361267089861,17.349931716918945],[76.27587890625,17.330530166626033],[76.24436187744169,17.374679565429688],[76.17233276367205,17.348730087280273],[76.17575836181658,17.297210693359318],[76.12120819091814,17.366340637207088],[76.07874298095709,17.33007049560547],[76.0545272827149,17.354299545288313],[75.93115234375011,17.32411003112793],[75.89366149902361,17.353620529174748],[75.88723754882818,17.417329788208235],[75.86196899414057,17.385850906372127],[75.82472229003918,17.42284965515131],[75.80233764648438,17.370101928710938],[75.73703765869135,17.421899795532283],[75.69119262695318,17.41261100769043],[75.63558959960938,17.47751045227045],[75.6158065795899,17.391859054565487],[75.57853698730463,17.382930755615348],[75.60595703125011,17.30326080322277],[75.65988922119146,17.261440277099553],[75.62802124023443,17.17012023925787],[75.67848968505854,17.09417152404785],[75.6437530517581,17.03639984130865],[75.67224121093767,17.03573036193859],[75.67460632324224,16.96026992797846],[75.64502716064459,16.951032638549805],[75.57579803466803,17.007799148559627],[75.57034301757807,16.963621139526367],[75.49249267578153,16.94289970397955],[75.4679107666015,16.985330581665096],[75.28843688964838,16.954772949218807],[75.28277587890625,16.874240875244254],[75.21585845947271,16.840339660644588],[75.14112854003918,16.87354087829584],[75.09041595459013,16.948650360107365],[75.03190612792969,16.925670623779524],[74.93839263916044,16.94099044799816],[74.96726226806658,16.905380249023494],[74.91195678710955,16.85593986511242],[74.92382049560553,16.769950866699276],[74.69819641113287,16.71520042419445],[74.66050720214872,16.637580871582088],[74.69037628173834,16.604459762573242],[74.64280700683594,16.60677146911621],[74.63636779785173,16.575740814209098],[74.57405090332037,16.551969528198185],[74.55143737792963,16.633211135864315],[74.49800872802763,16.62664031982422],[74.47738647460966,16.660779953003157],[74.47245788574247,16.60481071472168],[74.40348052978533,16.578670501708984],[74.3899230957033,16.527900695800838],[74.32940673828153,16.553470611572266],[74.31411743164091,16.502098083496094],[74.27636718750028,16.54453277587902],[74.28575897216797,16.50337028503418],[74.25315856933611,16.494880676269588],[74.2687759399414,16.476030349731502],[74.29989624023455,16.50263023376465],[74.29631805419928,16.459011077880973],[74.33886718750006,16.452161788940543],[74.34265136718756,16.40049171447754],[74.36911010742188,16.394329071045036],[74.36165618896479,16.36474990844738],[74.32546234130876,16.379249572753906],[74.33383941650408,16.26807022094738],[74.35328674316423,16.291839599609318],[74.42122650146484,16.280590057373104],[74.5031127929688,16.231040954589844],[74.51287841796903,16.18826293945324],[74.48908996582048,16.087320327758846],[74.43459320068365,16.110620498657283],[74.36815643310547,16.052959442138615],[74.4702758789063,16.040540695190487],[74.39186859130865,15.901159286499137],[74.41158294677763,15.852590560913086],[74.37412261962896,15.891610145568904],[74.34453582763689,15.85205078125],[74.38931274414057,15.844140052795467],[74.36485290527372,15.773651123046875],[74.25006866455072,15.741180419921989],[74.227348327637,15.785671234130916],[74.13062286376964,15.7179212570191],[74.13359832763672,15.678400993347225],[74.09652709960932,15.67084980011009],[74.12602996826178,15.650289535522518],[74.1901321411134,15.68098068237316],[74.21324920654325,15.649029731750488],[74.24504089355474,15.665631294250488],[74.26747131347673,15.617049217224121],[74.25431060791033,15.56583023071289],[74.28727722167969,15.526000022888297],[74.25633239746122,15.489520072937012],[74.34165191650408,15.292930603027457],[74.25752258300781,15.257629394531364],[74.32190704345709,15.184069633483944],[74.27834320068376,15.095899581909123],[74.28906250000006,15.030121803283805],[74.28978729248064,15.021611213684139],[74.28186035156256,15.015571594238338],[74.27102661132841,14.998807907104435],[74.27159118652372,14.99774169921875],[74.27391052246088,14.975221633911246],[74.266586303711,14.966820716858024],[74.26206970214872,14.957551956176758],[74.25100708007841,14.960820198059025],[74.24386596679693,14.957489967346135],[74.21926879882818,14.931380271911621],[74.2030868530274,14.92742061614996],[74.20416259765642,14.937850952148438],[74.19741821289091,14.943269729614258],[74.16989898681646,14.94729995727539],[74.169662475586,14.942180633544922],[74.16596221923822,14.936760902404785],[74.17516326904314,14.916151046752987],[74.17539215087896,14.908919334411678],[74.1457061767581,14.91743183135992],[74.13342285156256,14.915947914123535],[74.10417175292969,14.903750419616642],[74.13069152832048,14.842362403869856],[74.12152862548828,14.802639007568644],[74.09347534179682,14.80152893066429],[74.20486450195307,14.717915534973372],[74.24958038330084,14.739583969116325],[74.3095932006836,14.520690917968693],[74.35597229003923,14.522079467773438],[74.33541870117193,14.564861297607592],[74.3543090820313,14.542915344238509],[74.37152862548857,14.57347202301031],[74.39319610595709,14.531250953674316],[74.35375976562506,14.502921104431096],[74.50152587890625,14.0226411819458],[74.63318634033209,13.849029541015682],[74.60679626464861,13.866529464721737],[74.72902679443376,13.2770805358889],[74.69040679931646,13.348469734191951],[74.77348327636736,13.083189964294661],[74.78958129882818,13.098750114440975],[74.80236053466803,12.931249618530217],[74.86708068847685,12.754451751708984],[75.00527954101568,12.785491943359432],[74.9847793579101,12.729881286621037],[75.04966735839861,12.714699745178223],[75.04780578613287,12.660088539123478],[75.0830917358399,12.666408538818473],[75.08609771728533,12.697781562805176],[75.15064239501959,12.67634201049816],[75.1429672241211,12.633310317993221],[75.20143127441435,12.625110626220703],[75.22290039062506,12.562640190124625],[75.27672576904303,12.611660003662223],[75.32785797119152,12.585181236267317],[75.27091979980486,12.553540229797477],[75.32064056396513,12.491250991821346],[75.3355789184572,12.485049247741642],[75.34053039550798,12.464631080627441],[75.34086608886747,12.456049919128361],[75.37300109863287,12.47716140747093],[75.37721252441412,12.486431121826172],[75.38107299804699,12.491490364074934],[75.38656616210943,12.491921424865723],[75.39731597900419,12.497810363769531],[75.40423583984392,12.489601135253906],[75.41448974609403,12.496711730957259],[75.42428588867205,12.466251373291016],[75.41467285156278,12.454092025756836],[75.40349578857439,12.447568893432617],[75.3919296264649,12.445089340209961],[75.36662292480497,12.45166015625],[75.36943817138683,12.44563198089611],[75.39433288574236,12.379831314087141],[75.40113830566435,12.375700950622559],[75.40336608886724,12.372559547424544],[75.41886901855497,12.369520187377873],[75.42143249511736,12.361901283264217],[75.41427612304716,12.343930244445914],[75.41117858886724,12.337821960449446],[75.42308044433622,12.308140754699707],[75.43039703369158,12.299521446228141],[75.41912841796892,12.286399841308707],[75.43073272705078,12.292001724243107],[75.44140624999994,12.290010452270565],[75.46720886230486,12.295379638671818],[75.49252319335932,12.266819953918514],[75.49400329589872,12.265130996704102],[75.50392913818388,12.26315975189209],[75.51110839843756,12.253320693969727],[75.51307678222685,12.249320983886946],[75.519287109375,12.235939979553223],[75.51994323730497,12.233171463012752],[75.5233612060548,12.228870391845817],[75.5253295898437,12.2196302413941],[75.53804779052746,12.206781387329102],[75.5329895019533,12.199090957641715],[75.54036712646513,12.192370414734114],[75.54386138916033,12.191970825195426],[75.55113220214861,12.184440612792969],[75.56384277343778,12.166831970214787],[75.58271026611357,12.150430679321403],[75.59144592285162,12.143049240112362],[75.59471893310575,12.14535999298107],[75.60814666748064,12.148670196533203],[75.62686920166021,12.145050048828239],[75.62937164306646,12.141619682312069],[75.63678741455084,12.140420913696289],[75.64250946044928,12.130771636962947],[75.6624298095706,12.091180801391602],[75.67273712158232,12.090669631958065],[75.69196319580084,12.102589607238826],[75.70033264160162,12.088030815124739],[75.70652770996088,12.082809448242415],[75.71420288085955,12.069211959838924],[75.71705627441423,12.062089920044002],[75.79968261718756,12.071181297302303],[75.82697296142584,11.977971076965332],[75.88330078125028,11.93891239166254],[75.99819183349626,11.923621177673283],[76.10791015625006,11.970639228820914],[76.1080627441408,11.851181030273438],[76.18403625488287,11.863761901855469],[76.21852874755865,11.800039291381836],[76.27201080322294,11.803540229797477],[76.33497619628935,11.730629920959416],[76.40767669677734,11.753331184387264],[76.42346191406278,11.659320831298942],[76.50421142578142,11.698040962219295],[76.56006622314447,11.610120773315657],[76.74626922607439,11.610541343689022],[76.83728027343756,11.574480056762695],[76.82847595214861,11.644109725952262],[76.89968872070318,11.783271789550781],[76.95960235595714,11.765199661254883],[77.00443267822294,11.803019523620605],[77.10929870605474,11.712800979614258],[77.10282897949224,11.763119697570914],[77.24173736572294,11.802459716796932],[77.4192504882813,11.75067138671875],[77.48439788818376,11.932399749755916],[77.66471099853521,11.939700126648063],[77.76844787597662,12.10559177398693],[77.71951293945341,12.171520233154297],[77.46566772460932,12.202260971069279],[77.4701766967774,12.261870384216365],[77.54270935058622,12.283711433410645],[77.62008666992193,12.408479690551871],[77.6252059936524,12.477261543273869],[77.57536315917969,12.468379974365462],[77.60636901855474,12.499791145324707],[77.57005310058611,12.557931900024414],[77.59033966064459,12.657541275024641],[77.73140716552751,12.66397953033453],[77.79949188232439,12.786858558654842],[77.78488159179693,12.833809852600211],[77.91774749755876,12.878371238708553],[77.92479705810564,12.813720703125057],[77.94555664062494,12.849330902099723],[78.00148010253923,12.795439720153922],[78.01492309570318,12.845920562744254],[78.04673004150396,12.842370033264217],[78.12066650390625,12.770011901855526],[78.22064971923845,12.752590179443416],[78.24109649658209,12.847420692443848],[78.30310058593756,12.847200393676871],[78.34542846679693,12.928060531616211],[78.37834167480463,12.895191192626953],[78.43582916259771,12.90067005157482],[78.45423889160185,12.853161811828727],[78.42265319824219,12.968600273132324],[78.45790100097673,12.963241577148665],[78.4515762329101,13.031532287597884],[78.50457763671903,13.052762031555176],[78.52796173095709,13.097359657287825],[78.50875091552746,13.119589805603027],[78.56907653808588,13.156482696533203],[78.54094696044928,13.187251091003475],[78.57746887207026,13.262049674987907],[78.55565643310553,13.299429893493652],[78.52079772949247,13.255591392517147],[78.4717483520509,13.30792045593273],[78.36699676513678,13.320039749145621],[78.39737701416044,13.332331657409668],[78.35515594482428,13.355071067810002],[78.39076232910173,13.57810020446783],[78.2276916503908,13.587221145629996],[78.18327331542986,13.556380271911678],[78.19393920898455,13.616159439086971],[78.15576171875,13.648710250854549],[78.08072662353521,13.635340690612907],[78.05834197998064,13.666970252990666],[78.10537719726591,13.684400558471793],[78.0849227905274,13.733491897583065],[78.11823272705095,13.776900291443098],[78.11353302001959,13.840890884399471],[78.04115295410173,13.886729240417594],[78.03782653808605,13.852849960327262],[77.98516082763678,13.861669540405273],[77.94458007812528,13.81997108459467],[77.94246673584013,13.880230903625716],[77.97802734375017,13.893349647522086],[77.96643066406256,13.950551986694336],[77.91160583496088,13.89724063873291],[77.88698577880888,13.931181907653865],[77.81829071044933,13.934881210327092],[77.82772064209001,13.86061954498291],[77.71286010742182,13.790519714355582],[77.70874786376959,13.732739448547363],[77.64908599853521,13.77583980560297],[77.61046600341814,13.755439758300895],[77.62124633789068,13.727401733398551],[77.59559631347673,13.743578910827637],[77.55607604980463,13.716460227966365],[77.51966857910156,13.743849754333496],[77.52152252197294,13.687870025634766],[77.48734283447271,13.706791877746582],[77.4764862060548,13.677599906921444],[77.44481658935553,13.695760726928711],[77.4574508666995,13.797050476074219],[77.40866088867188,13.799251556396484],[77.42453002929705,13.83512973785406],[77.25044250488287,13.839470863342285],[77.23384094238287,13.894931793213004],[77.17880249023432,13.859840393066406],[77.17703247070324,13.91740036010765],[77.16249084472662,13.856980323791504],[77.12388610839844,13.849390029907227],[77.16224670410173,13.820740699768066],[77.1665802001956,13.754669189453239],[77.06004333496094,13.738861083984318],[77.02636718750028,13.771441459655819],[76.99392700195324,13.741510391235408],[76.96839141845732,13.814390182495117],[77.03584289550787,13.925591468811149],[76.93109893798845,14.022731781005973],[76.97500610351568,14.06527042388916],[76.92697906494152,14.12720966339117],[76.88368225097668,14.131031990051326],[76.89142608642595,14.1589994430542],[76.94164276123053,14.189311981201172],[77.01982879638678,14.172701835632324],[77.02369689941435,14.05325889587408],[77.12110137939459,14.042180061340389],[77.14733886718744,13.991621971130371],[77.31349182128923,14.024820327758732],[77.35378265380865,13.982320785522518],[77.3483428955081,13.896540641784668],[77.39705657959001,13.880540847778548],[77.4306411743164,13.968779563904036],[77.37565612792969,13.969111442566032],[77.3833618164063,14.00735855102539],[77.32618713378918,14.022939682006893],[77.39544677734403,14.10344123840332],[77.344535827637,14.0960111618042],[77.34773254394537,14.12434101104742],[77.40972137451178,14.169719696044979],[77.50044250488298,14.150960922241325],[77.49936676025396,14.260510444641113],[77.38565826416021,14.324870109558049],[77.41570281982416,14.21196174621582],[77.38378906250011,14.191821098327694],[77.35926055908203,14.269330024719466],[77.27958679199224,14.276089668273869],[77.28114318847662,14.331110954284782],[77.23195648193365,14.311070442199764],[77.15215301513689,14.337740898132381],[77.10507965087896,14.213281631469727],[76.94346618652361,14.236310005188045],[76.92485809326178,14.27218055725109],[76.9501113891601,14.2940292358399],[76.87909698486334,14.346389770507812],[76.88314056396513,14.390291213989258],[76.94156646728533,14.399541854858398],[76.97339630126953,14.478281021118221],[76.87020111083979,14.468440055847282],[76.76091003417963,14.596281051635799],[76.79807281494169,14.734590530395508],[76.7803497314456,14.779261589050293],[76.8487396240235,14.80403137207054],[76.86547851562517,14.937600135803336],[76.8644561767581,14.964019775390625],[76.76377105712885,14.969869613647461],[76.774223327637,15.071380615234375],[76.79693603515653,15.09076023101818],[76.87670135498047,15.028678894042969],[77.04688262939453,15.02921199798584],[77.04100799560553,15.005481719970703],[77.07881927490263,15.000009536743278],[77.16320037841814,15.161331176757926],[77.12090301513678,15.22124099731451],[77.16414642334001,15.259070396423397],[77.10968780517584,15.327281951904354],[77.06157684326178,15.321860313415584],[77.02739715576189,15.435180664062557],[76.97039031982439,15.490921974182243],[77.02659606933588,15.499990463256893],[77.02928161621094,15.63383865356451],[77.08143615722662,15.652840614318904],[77.11620330810575,15.62510967254633],[77.12497711181669,15.659050941467285],[77.04708862304693,15.72501182556158],[77.0672378540039,15.796050071716422],[77.02227020263689,15.831780433654899],[77.033187866211,15.853080749511776],[77.07679748535173,15.909740447998047],[77.1806259155274,15.950062751770076],[77.50945281982428,15.920860290527287],[77.48362731933611,16.15855026245123],[77.5111694335938,16.21718978881836],[77.48755645751964,16.249820709228516],[77.59030151367193,16.286851882934798],[77.59160614013689,16.33751106262207],[77.49449157714844,16.37578964233404],[77.34294891357428,16.379720687866154],[77.23517608642584,16.468080520629996],[77.3662872314456,16.484109878540153],[77.4153213500976,16.517829895019645],[77.39144134521513,16.565200805664062],[77.46417236328142,16.584209442138672],[77.46939086914068,16.646911621093977],[77.41657257080084,16.66281127929699],[77.46504211425793,16.678281784057617],[77.46679687500028,16.711940765380803],[77.42341613769537,16.71453094482422],[77.43753814697271,16.78321075439453],[77.47113800048834,16.779130935669173],[77.45339965820318,16.909032821655273],[77.49938964843778,17.00732040405279],[77.46263885498047,17.104070663452205],[77.35999298095732,17.16162109375],[77.39881134033209,17.208778381347656],[77.38035583496105,17.219770431518555],[77.45450592041021,17.27589035034191],[77.45159912109392,17.37049102783203],[77.52802276611357,17.372110366821346],[77.51014709472673,17.42725944519043],[77.61061096191435,17.444232940673828],[77.6527633666995,17.503250122070312],[77.68401336669933,17.472850799560547],[77.68562316894548,17.50564956665039],[77.5917282104495,17.532680511474553],[77.58982849121122,17.562759399414062],[77.54839324951183,17.549459457397575],[77.52742004394543,17.573221206665153],[77.50161743164068,17.54088020324707],[77.43992614746088,17.581470489502067],[77.45034790039068,17.691299438476562],[77.56202697753923,17.747110366821516],[77.5108795166015,17.801441192626953],[77.59668731689482,17.8704509735108],[77.5851669311524,17.908229827880803],[77.61657714843767,17.90286827087408],[77.65339660644548,17.969352722167912],[77.54574584960966,18.053760528564396],[77.60056304931658,18.09939956665039],[77.56430816650408,18.20055007934576],[77.60301971435547,18.277999877929688],[77.54995727539091,18.2913494110108]]]},"properties":{"ID_0":105,"ISO":"IND","NAME_0":"India","ID_1":17,"NAME_1":"Karnataka"}},
{"type":"Feature","geometry":{"type":"Polygon","coordinates":[[[75.32064056396513,12.491250991821346],[75.27091979980486,12.553540229797477],[75.32785797119152,12.585181236267317],[75.27672576904303,12.611660003662223],[75.22290039062506,12.562640190124625],[75.20143127441435,12.625110626220703],[75.1429672241211,12.633310317993221],[75.15064239501959,12.67634201049816],[75.08609771728533,12.697781562805176],[75.0830917358399,12.666408538818473],[75.04780578613287,12.660088539123478],[75.04966735839861,12.714699745178223],[74.9847793579101,12.729881286621037],[75.00527954101568,12.785491943359432],[74.86708068847685,12.754451751708984],[74.97347259521496,12.498748779296875],[75.18180847167963,12.095140457153434],[75.1920928955081,12.132642745971623],[75.19291687011736,12.100680351257438],[75.17263793945341,12.085701942444075],[75.22013854980497,12.07014179229742],[75.1781768798831,12.078749656677246],[75.20153045654303,12.005416870117472],[75.23069763183611,12.024140357971305],[75.22735595703153,12.044301033019963],[75.22367095947271,12.054471015930176],[75.2366027832033,12.110230445861816],[75.240531921387,12.109260559082031],[75.2473907470706,12.103691101074162],[75.25588989257818,12.10857963562023],[75.26602172851568,12.103660583496207],[75.27781677246094,12.101770401001033],[75.28392791748053,12.114981651306152],[75.30985260009783,12.132049560546932],[75.31115722656267,12.13646030426031],[75.32064056396513,12.143521308898926],[75.3251571655274,12.144890785217399],[75.34616088867193,12.13861179351801],[75.36669158935564,12.135379791259822],[75.37201690673845,12.146470069885254],[75.37838745117193,12.146030426025447],[75.38852691650419,12.146291732788143],[75.39982604980463,12.140501022338867],[75.40217590332031,12.134140014648494],[75.39215087890653,12.12634086608881],[75.38228607177734,12.129120826721191],[75.37930297851568,12.122139930725154],[75.36853790283197,12.121260643005371],[75.35193634033232,12.10885143280035],[75.33598327636736,12.098640441894759],[75.32998657226591,12.102589607238826],[75.31962585449224,12.106651306152571],[75.30906677246111,12.102661132812557],[75.3147583007812,12.087609291076888],[75.29737091064482,12.063651084899902],[75.3006668090822,12.058020591735897],[75.30480957031278,12.052921295166016],[75.31166839599638,12.04930591583252],[75.3393020629884,12.047637939453296],[75.29930877685541,12.0156888961792],[75.3331909179688,12.010141372680664],[75.29873657226557,12.00347042083746],[75.26819610595732,12.023471832275504],[75.26597595214861,12.005970954894963],[75.27902984619152,12.002084732055607],[75.30790710449236,11.952361106872843],[75.35708618164091,11.931250572204533],[75.37374877929705,11.957361221313704],[75.40013885498053,11.917639732360897],[75.30319213867193,11.947085380554427],[75.31819152832026,11.905417442321834],[75.45402526855486,11.778471946716252],[75.46013641357439,11.80735969543474],[75.45986175537138,11.765417098999137],[75.4743041992188,11.803471565246582],[75.50013732910185,11.798194885253906],[75.47486114501959,11.766529083252067],[75.50763702392595,11.761247634887695],[75.47207641601591,11.76375961303711],[75.54235839843767,11.68181133270275],[75.61736297607428,11.477083206176985],[75.68264007568388,11.448195457458553],[75.80208587646479,11.162637710571403],[75.82902526855486,11.180695533752726],[75.80180358886724,11.158193588257006],[75.82485961914068,11.125416755676497],[75.85847473144537,11.138471603393668],[75.82514190673857,11.122917175293082],[75.910140991211,10.79236030578619],[76.03624725341808,10.510140419006518],[76.03180694580084,10.53708362579357],[76.04818725585955,10.535141944885254],[76.04152679443365,10.575421333313102],[76.06764221191423,10.544584274291935],[76.03402709960938,10.525694847107047],[76.09930419921892,10.380694389343262],[76.15985870361357,10.188471794128418],[76.19152832031278,10.19431114196783],[76.20263671875,10.139027595520133],[76.1659698486331,10.174860954284611],[76.2240295410158,9.977079391479549],[76.24541473388672,9.97236156463623],[76.2056961059572,10.147082328796387],[76.23930358886736,10.075139045715446],[76.22569274902372,10.127082824707145],[76.2645797729495,10.079310417175236],[76.25708007812506,10.045970916748217],[76.24041748046892,10.07097339630144],[76.24958038330095,10.029862403869572],[76.31874847412138,9.88876056671171],[76.34319305419916,9.885141372680664],[76.34014129638666,9.919584274291992],[76.37735748291033,9.864862442016715],[76.41596984863287,9.565971374511662],[76.50208282470697,9.530973434448356],[76.48042297363287,9.511251449585188],[76.35708618164091,9.525416374206486],[76.39875030517595,9.67430496215843],[76.36069488525419,9.70041656494152],[76.37069702148455,9.820142745971793],[76.32068634033197,9.871250152588061],[76.34764099121111,9.71180629730253],[76.31931304931669,9.876251220703239],[76.29569244384794,9.889862060546875],[76.28458404541027,9.832638740539778],[76.28763580322277,9.898471832275504],[76.26957702636713,9.866251945495549],[76.2573623657226,9.915699958801213],[76.26541900634783,9.896805763244686],[76.26652526855463,9.912361145019531],[76.29652404785173,9.892915725708121],[76.29541778564459,9.91792011260992],[76.23735809326172,9.96542167663597],[76.33791351318376,9.415971755981445],[76.46125030517607,9.139583587646428],[76.42263793945318,9.24569320678711],[76.47070312500006,9.142359733581657],[76.49041748046903,9.170140266418457],[76.48374938964872,9.12680530548107],[76.46347808837896,9.134029388427848],[76.5462493896485,8.902359962463436],[76.63180541992205,8.836251258850098],[76.97486114501964,8.38514041900629],[77.0906982421875,8.297470092773494],[77.159652709961,8.312500953674316],[77.13481903076178,8.378529548645133],[77.20951843261713,8.437719345092717],[77.18649291992205,8.493371009826717],[77.247543334961,8.501379966735897],[77.26515960693371,8.5374498367309],[77.15531921386747,8.737560272216797],[77.21467590332031,8.775760650634993],[77.2415008544923,8.864782333373967],[77.13217926025396,9.011850357055721],[77.18208312988298,9.036500930786246],[77.25177764892584,9.1430406570434],[77.26682281494146,9.290880203247298],[77.39623260498075,9.496541976928711],[77.3505477905274,9.526291847229118],[77.3408966064456,9.595050811767521],[77.32478332519531,9.563199996948356],[77.30430603027338,9.593041419983024],[77.25501251220709,9.56499099731451],[77.15187072753935,9.606019973754996],[77.23398590087908,9.788519859313908],[77.20443725585943,9.894319534301758],[77.26142120361345,9.963721275329817],[77.18814086914091,10.095651626587028],[77.25978088378912,10.11908054351818],[77.2804489135745,10.20725154876709],[77.24652862548828,10.220609664917049],[77.22216033935564,10.340300559997672],[77.16295623779325,10.346281051635742],[76.9707870483399,10.208650588989258],[76.81967163085938,10.295240402221793],[76.82972717285185,10.585062026977653],[76.80499267578142,10.626340866088924],[76.87261962890636,10.629431724548454],[76.8555068969726,10.675271987915153],[76.89750671386736,10.770799636841048],[76.81755828857416,10.861801147461051],[76.64916229248064,10.924152374267578],[76.70652008056669,11.031351089477596],[76.79247283935553,11.04237270355236],[76.73709869384783,11.047510147094727],[76.73871612548834,11.121290206909237],[76.69117736816412,11.144510269165153],[76.72557830810575,11.208890914917106],[76.69696807861357,11.231330871582031],[76.62303924560564,11.18567085266119],[76.4876480102539,11.202790260315169],[76.45272064209001,11.180210113525504],[76.44638824462885,11.230461120605582],[76.54016876220714,11.292347908020076],[76.53820037841803,11.351590156555176],[76.44838714599615,11.381419181823844],[76.41039276123064,11.43359088897705],[76.278060913086,11.474531173706112],[76.2400970458985,11.459641456604004],[76.22574615478533,11.564439773559798],[76.2709732055664,11.59290885925293],[76.29789733886724,11.5643310546875],[76.35011291503923,11.58274173736578],[76.38006591796892,11.622419357299748],[76.42479705810575,11.62329006195074],[76.42346191406278,11.659320831298942],[76.40767669677734,11.753331184387264],[76.33497619628935,11.730629920959416],[76.27201080322294,11.803540229797477],[76.21852874755865,11.800039291381836],[76.18403625488287,11.863761901855469],[76.1080627441408,11.851181030273438],[76.10791015625006,11.970639228820914],[75.99819183349626,11.923621177673283],[75.88330078125028,11.93891239166254],[75.82697296142584,11.977971076965332],[75.79968261718756,12.071181297302303],[75.71705627441423,12.062089920044002],[75.71420288085955,12.069211959838924],[75.70652770996088,12.082809448242415],[75.70033264160162,12.088030815124739],[75.69196319580084,12.102589607238826],[75.67273712158232,12.090669631958065],[75.6624298095706,12.091180801391602],[75.64250946044928,12.130771636962947],[75.63678741455084,12.140420913696289],[75.62937164306646,12.141619682312069],[75.62686920166021,12.145050048828239],[75.60814666748064,12.148670196533203],[75.59471893310575,12.14535999298107],[75.59144592285162,12.143049240112362],[75.58271026611357,12.150430679321403],[75.56384277343778,12.166831970214787],[75.55113220214861,12.184440612792969],[75.54386138916033,12.191970825195426],[75.54036712646513,12.192370414734114],[75.5329895019533,12.199090957641715],[75.53804779052746,12.206781387329102],[75.5253295898437,12.2196302413941],[75.5233612060548,12.228870391845817],[75.51994323730497,12.233171463012752],[75.519287109375,12.235939979553223],[75.51307678222685,12.249320983886946],[75.51110839843756,12.253320693969727],[75.50392913818388,12.26315975189209],[75.49400329589872,12.265130996704102],[75.49252319335932,12.266819953918514],[75.46720886230486,12.295379638671818],[75.44140624999994,12.290010452270565],[75.43073272705078,12.292001724243107],[75.41912841796892,12.286399841308707],[75.43039703369158,12.299521446228141],[75.42308044433622,12.308140754699707],[75.41117858886724,12.337821960449446],[75.41427612304716,12.343930244445914],[75.42143249511736,12.361901283264217],[75.41886901855497,12.369520187377873],[75.40336608886724,12.372559547424544],[75.40113830566435,12.375700950622559],[75.39433288574236,12.379831314087141],[75.36943817138683,12.44563198089611],[75.36662292480497,12.45166015625],[75.3919296264649,12.445089340209961],[75.40349578857439,12.447568893432617],[75.41467285156278,12.454092025756836],[75.42428588867205,12.466251373291016],[75.41448974609403,12.496711730957259],[75.40423583984392,12.489601135253906],[75.39731597900419,12.497810363769531],[75.38656616210943,12.491921424865723],[75.38107299804699,12.491490364074934],[75.37721252441412,12.486431121826172],[75.37300109863287,12.47716140747093],[75.34086608886747,12.456049919128361],[75.34053039550798,12.464631080627441],[75.3355789184572,12.485049247741642],[75.32064056396513,12.491250991821346]]]},"properties":{"ID_0":105,"ISO":"IND","NAME_0":"India","ID_1":18,"NAME_1":"Kerala"}},
{"type":"Feature","geometry":{"type":"MultiPolygon","coordinates":[[[[73.08097076416021,8.327642440796012],[73.01875305175781,8.271529197693098],[73.04930877685553,8.266804695129338],[73.08097076416021,8.327642440796012]]],[[[73.67846679687517,10.82153129577631],[73.66208648681658,10.8084716796875],[73.70263671875028,10.814862251281738],[73.67846679687517,10.82153129577631]]]]},"properties":{"ID_0":105,"ISO":"IND","NAME_0":"India","ID_1":19,"NAME_1":"Lakshadweep"}},
{"type":"Feature","geometry":{"type":"Polygon","coordinates":[[[82.8077774047851,23.963058471679688],[82.79727172851591,24.00514030456543],[82.74199676513689,24.021400451660156],[82.7662582397461,24.077867507934684],[82.70839691162104,24.08076095581066],[82.65738677978521,24.134798049926815],[82.67085266113298,24.158470153808707],[82.72036743164074,24.138990402221793],[82.76413726806658,24.292430877685604],[82.7605819702149,24.37304115295416],[82.70716094970709,24.38517951965332],[82.73654937744146,24.499771118164062],[82.71253204345709,24.55621910095215],[82.80076599121111,24.55268096923851],[82.76278686523455,24.645669937133903],[82.69518280029308,24.64425277709961],[82.65792846679693,24.700397491455305],[82.52926635742216,24.651960372924805],[82.4323120117188,24.706281661987305],[82.401596069336,24.683799743652287],[82.40917205810564,24.597829818725813],[82.29393005371088,24.613740921020565],[82.29641723632807,24.670011520385685],[82.22992706298834,24.669639587402457],[82.24365997314459,24.775751113891715],[82.19948577880888,24.75206947326666],[82.21375274658209,24.728660583496094],[82.17288208007812,24.739570617675838],[82.20947265625017,24.78149032592779],[82.17900848388678,24.804651260375977],[82.19596862792974,24.82452964782715],[82.1121902465822,24.792261123657283],[82.00489044189459,24.850690841674805],[81.95915222167997,24.830610275268498],[81.89644622802729,24.89250946044922],[81.89846801757818,25.009620666503906],[81.78922271728544,25.010139465331974],[81.6818923950197,25.043771743774357],[81.65869140625006,25.079730987548828],[81.60434722900396,25.060749053955192],[81.63195037841814,25.103269577026424],[81.61675262451178,25.122619628906307],[81.6012268066408,25.100210189819393],[81.61898803710938,25.159650802612305],[81.57718658447283,25.191299438476676],[81.5077896118164,25.18497085571289],[81.53000640869169,25.163339614868278],[81.47175598144537,25.134990692138615],[81.5075759887697,25.10680961608881],[81.48372650146501,25.074939727783203],[81.40084838867193,25.107770919799805],[81.43833923339861,25.110441207885742],[81.43022155761724,25.133630752563477],[81.39122009277361,25.123130798339844],[81.32995605468744,25.172491073608455],[81.31466674804716,25.11629104614252],[81.30638885498053,25.165992736816406],[81.26911926269526,25.167739868164062],[81.26158905029303,25.068460464477596],[81.20169830322271,24.995729446411133],[81.21260833740246,24.93452072143549],[81.16143035888678,24.958511352539062],[81.13244628906256,24.89207077026373],[81.07641601562511,24.95226097106945],[80.95523071289062,24.925710678100813],[80.936820983887,24.97249984741211],[80.90004730224604,24.9395809173584],[80.80220031738276,24.944459915161133],[80.78999328613276,24.971782684326172],[80.84818267822266,24.99814033508312],[80.82668304443365,25.039190292358626],[80.90492248535162,25.1603107452392],[80.8780364990235,25.195600509643782],[80.83628082275402,25.192680358886662],[80.82769775390636,25.110309600830135],[80.79957580566423,25.14641761779785],[80.69963836669939,25.137149810791016],[80.77593994140625,25.061691284179688],[80.673568725586,25.054170608520735],[80.6792602539063,25.081819534301985],[80.65629577636719,25.074441909790153],[80.6013565063476,25.104408264160156],[80.6323928833009,25.123281478881893],[80.5945892333985,25.155241012573185],[80.58777618408232,25.10910034179699],[80.60678100585943,25.07217979431158],[80.47612762451178,25.102251052856502],[80.49420928955095,25.045320510864258],[80.44071197509794,25.082069396972656],[80.36576080322294,25.057760238647575],[80.38218688964872,25.009740829467773],[80.27849578857439,25.021648406982536],[80.35128784179716,25.14490127563471],[80.42369842529303,25.17414283752464],[80.39906311035162,25.242969512939453],[80.30404663085955,25.288892745971737],[80.3107528686524,25.387317657470646],[80.25586700439459,25.428710937500057],[80.24518585205084,25.40489006042492],[80.19391632080107,25.41623115539562],[80.12329864501959,25.338430404663143],[80.02073669433622,25.34316062927246],[79.99672698974604,25.268650054931754],[79.84713745117199,25.240200042724666],[79.8558959960938,25.098501205444393],[79.74563598632818,25.143882751464844],[79.59787750244169,25.131431579589957],[79.56552124023455,25.177551269531307],[79.48987579345709,25.082750320434627],[79.46053314209013,25.096330642700252],[79.46837615966825,25.13445091247553],[79.43106842041016,25.107509613037053],[79.41512298583996,25.13909912109375],[79.39914703369135,25.113460540771484],[79.38387298584013,25.170280456543196],[79.44270324707031,25.21256065368658],[79.45919036865263,25.269451141357365],[79.49040222167974,25.27034950256342],[79.45741271972662,25.28387069702154],[79.41530609130871,25.259220123291016],[79.367416381836,25.29432106018072],[79.35296630859403,25.265380859375],[79.34588623046886,25.333040237426815],[79.29473114013678,25.340219497680664],[79.25945281982428,25.271440505981502],[79.340087890625,25.27276039123541],[79.34696197509771,25.214241027831974],[79.27359771728527,25.248119354248047],[79.30322265625,25.133329391479492],[79.26007080078153,25.122100830078068],[79.23583984375028,25.160961151123047],[79.21391296386747,25.148380279541016],[79.2383804321289,25.116369247436523],[79.18485260009771,25.151132583618278],[79.1793060302735,25.117692947387752],[79.12917327880865,25.1107692718507],[79.08429718017595,25.19252967834467],[79.02176666259771,25.143190383911133],[79.05644226074236,25.225709915161246],[79.00496673583984,25.276969909668082],[78.97116851806658,25.244920730590877],[78.99581146240234,25.195938110351562],[78.94834136962896,25.220180511474666],[78.87184143066412,25.166000366210938],[78.87587738037115,25.255769729614485],[78.97004699707048,25.28520965576172],[78.95285797119158,25.34987068176281],[78.876518249512,25.34445953369152],[78.84175109863287,25.229160308838004],[78.81167602539091,25.299840927124023],[78.78324890136747,25.297611236572322],[78.87474822998053,25.38765907287592],[78.94935607910185,25.400159835815373],[78.89245605468756,25.375297546386776],[78.92862701416016,25.351800918579045],[78.97850799560553,25.37601280212408],[78.96012878417986,25.438890457153377],[78.90322875976591,25.4469375610351],[78.93563842773466,25.48002052307129],[78.93074035644548,25.55972099304205],[78.87435913085943,25.557012557983455],[78.8760070800783,25.524320602416935],[78.82832336425798,25.509981155395508],[78.85717010498053,25.46714019775385],[78.83426666259771,25.432460784912166],[78.82985687255876,25.46569061279297],[78.73175048828153,25.500650405883846],[78.75506591796892,25.433851242065487],[78.81291198730474,25.430427551269588],[78.74314117431646,25.412700653076115],[78.76438140869135,25.35840034484869],[78.65789031982428,25.387979507446346],[78.65651702880865,25.420129776000977],[78.70140075683622,25.428859710693473],[78.65271759033209,25.444000244140682],[78.62858581542963,25.406461715698242],[78.56112670898438,25.395692825317383],[78.57621765136724,25.35193061828619],[78.52514648437511,25.363012313842773],[78.52507781982422,25.306529998779354],[78.49217224121122,25.323829650878963],[78.42736053466791,25.2886714935305],[78.56858062744146,25.258609771728516],[78.59716796875017,25.097871780395565],[78.64192962646479,25.0614910125733],[78.62204742431652,24.964900970458984],[78.66839599609386,24.902399063110465],[78.76448059082037,24.861368179321403],[78.78054046630871,24.81497192382824],[78.7494659423831,24.604980468750114],[78.8817214965822,24.63969993591303],[78.96639251708984,24.4969482421875],[78.91381072998053,24.500841140747298],[78.9085922241211,24.466770172119197],[78.98438262939459,24.441360473632926],[78.96687316894537,24.353660583496094],[78.87886047363298,24.22305107116705],[78.79168701171892,24.180240631103572],[78.76027679443365,24.258489608764705],[78.66912078857428,24.245019912719727],[78.57843780517578,24.35708045959484],[78.50537109374994,24.39394950866705],[78.43477630615263,24.297660827636946],[78.37963867187528,24.275560379028377],[78.32599639892584,24.329618453979492],[78.36094665527372,24.38578987121582],[78.26687622070318,24.44737052917486],[78.21971893310553,24.522779464721623],[78.25888824462902,24.5581893920899],[78.26847839355463,24.66710090637207],[78.16380310058611,24.85709953308117],[78.32753753662115,24.99955940246582],[78.32776641845732,25.08876991271967],[78.44291687011724,25.128770828247127],[78.4182968139649,25.153499603271484],[78.44645690917986,25.169021606445256],[78.38536071777372,25.195159912109318],[78.29551696777372,25.374799728393555],[78.3475875854495,25.454839706421012],[78.42072296142595,25.477619171142635],[78.42933654785162,25.56385993957531],[78.58119201660162,25.564308166503963],[78.608627319336,25.589080810546875],[78.64862060546875,25.565639495849723],[78.80519104003935,25.624557495117188],[78.81133270263689,25.67448043823265],[78.74681854248075,25.749090194702205],[78.82050323486345,25.799400329589787],[78.81124877929699,25.83012008667015],[78.8619232177735,25.799198150634822],[78.84662628173845,25.860500335693473],[78.88268280029314,25.870269775390852],[78.87638092041033,25.91566085815424],[78.92952728271513,25.949359893798885],[78.94432830810553,26.036951065063477],[79.00315093994169,26.081792831421012],[78.9426727294923,26.13914108276373],[79.00071716308594,26.15497970581066],[78.97737884521496,26.195499420166016],[79.05705261230474,26.232891082763672],[79.03703308105474,26.26699066162115],[79.08357238769537,26.27240943908697],[79.13374328613287,26.344970703125],[79.07679748535185,26.362691879272518],[79.126762390137,26.444810867309798],[79.04846191406256,26.456050872802734],[79.06093597412138,26.50329971313488],[78.97962188720709,26.57407951354992],[78.99317932128912,26.684570312500114],[78.93791198730497,26.66269111633312],[78.94814300537115,26.696741104125977],[78.86492919921892,26.704669952392635],[78.8113861083985,26.765470504760742],[78.71534729003935,26.80021286010765],[78.56584930419922,26.7576904296875],[78.38973999023466,26.824899673462085],[78.35135650634771,26.87437057495123],[78.28206634521501,26.86408805847168],[78.26088714599626,26.82094955444336],[78.20979309082031,26.836090087890625],[78.16094970703142,26.827039718627873],[78.17611694335966,26.791492462158317],[78.09983062744169,26.79700851440441],[78.08573913574247,26.68305015563965],[77.99221801757818,26.70264053344721],[77.8945770263673,26.66221046447754],[77.87938690185547,26.62029075622553],[77.82041168212919,26.599838256836165],[77.81299591064447,26.554809570312557],[77.74434661865234,26.545249938964844],[77.5228805541995,26.414911270141715],[77.42771911621088,26.40690994262718],[77.43242645263683,26.364999771118164],[77.33467102050798,26.357231140136776],[77.203109741211,26.237400054931754],[77.12403106689482,26.23795127868658],[77.0916824340822,26.1908798217774],[76.88777923584001,26.093322753906193],[76.80631256103516,25.95297813415533],[76.73332977294928,25.902549743652457],[76.6461257934572,25.90885162353527],[76.62660217285185,25.870870590210075],[76.59272766113298,25.874168395996037],[76.52931213378935,25.79797172546398],[76.53061676025396,25.733970642089957],[76.48239135742216,25.718130111694336],[76.56427764892578,25.442401885986442],[76.60254669189464,25.388980865478572],[76.76673126220709,25.336231231689453],[76.77009582519548,25.312191009521484],[76.89322662353527,25.32240104675293],[76.94182586669928,25.275360107421932],[77.0754699707033,25.33969116210949],[77.20514678955078,25.311429977417106],[77.22026062011719,25.37342834472662],[77.28298187255876,25.423589706421012],[77.361343383789,25.41296005249029],[77.33641815185547,25.325580596923828],[77.37178802490263,25.320220947265682],[77.349662780762,25.271770477294922],[77.41799163818354,25.193029403686523],[77.39070892333979,25.18819046020502],[77.39852905273432,25.11327171325695],[77.30285644531256,25.08386993408226],[77.26226043701178,25.119260787963867],[77.16957855224615,25.113719940185774],[77.11445617675787,25.069089889526367],[76.99372863769537,25.079950332641715],[76.85434722900419,25.010311126708984],[76.89122772216814,24.91967964172369],[76.9489212036134,24.872869491577376],[76.80158233642595,24.819839477539062],[76.84729766845732,24.750400543212947],[76.95173645019537,24.765460968017635],[77.02665710449236,24.71092033386236],[77.06469726562511,24.569910049438533],[76.96531677246105,24.460861206054688],[76.9146499633789,24.487659454345703],[76.91287231445324,24.54356956481928],[76.81459045410162,24.53437042236351],[76.85132598876953,24.469108581543026],[76.84017944335943,24.338720321655217],[76.94444274902361,24.206291198730526],[76.89994049072294,24.13111114501953],[76.80111694335966,24.120340347290096],[76.75499725341791,24.17209053039562],[76.70114135742193,24.171440124511832],[76.67420959472662,24.193429946899528],[76.69296264648466,24.28504943847662],[76.58802032470709,24.24955940246582],[76.57972717285156,24.180679321289062],[76.53143310546903,24.16346931457531],[76.46994781494146,24.231399536132812],[76.41443634033209,24.20742034912115],[76.32689666748053,24.253618240356445],[76.28277587890642,24.21571159362793],[76.21556854248075,24.216808319091797],[76.18548583984392,24.331510543823242],[76.12132263183605,24.19639015197754],[76.1346969604495,24.095289230346793],[75.96018218994169,24.025369644165096],[75.97582244873075,23.932939529418945],[75.77706146240263,23.853870391845703],[75.7023315429687,23.904050827026367],[75.7291107177735,23.85820960998535],[75.71784973144537,23.819032669067496],[75.68740081787121,23.81925010681175],[75.68447875976568,23.760568618774414],[75.65183258056658,23.80194854736351],[75.58252716064482,23.800359725952205],[75.56062316894531,23.85995101928711],[75.45649719238298,23.920740127563477],[75.51438140869146,24.048732757568473],[75.58383941650419,23.991920471191634],[75.6691970825197,24.03354263305664],[75.70040893554716,23.96906089782709],[75.76203918457031,23.997951507568416],[75.77961730957048,24.062080383300838],[75.8337631225586,24.075429916381893],[75.83579254150402,24.111351013183707],[75.74349212646513,24.13960075378418],[75.77350616455095,24.22089195251465],[75.82688140869135,24.246410369873047],[75.81120300292997,24.303449630737305],[75.73792266845709,24.347970962524357],[75.72688293457043,24.40527915954584],[75.79113006591803,24.47520256042486],[75.84725189209013,24.418970108032227],[75.9089965820313,24.456140518188477],[75.8910522460938,24.509588241577262],[75.92504119873053,24.533399581909293],[75.91739654541021,24.57147979736328],[75.82814788818365,24.613349914550838],[75.8387527465822,24.72986984252924],[75.75968170166027,24.764799118042106],[75.61332702636724,24.688421249389705],[75.58190155029303,24.722700119018555],[75.45189666748041,24.693218231201286],[75.2169494628908,24.722410202026424],[75.18551635742193,24.76805114746105],[75.25192260742193,24.837169647216854],[75.2277374267581,24.847759246826172],[75.20131683349626,24.884201049804744],[75.20819091796892,24.909999847412166],[75.24994659423845,24.895690917968864],[75.22738647460966,24.859149932861442],[75.2789382934572,24.853490829467887],[75.3057327270509,24.813329696655273],[75.4170989990235,24.863901138305607],[75.42421722412138,24.8927516937257],[75.31130218505888,24.869459152221737],[75.26145172119146,24.88965988159191],[75.29308319091803,24.923179626464787],[75.27590179443376,24.9767303466798],[75.31387329101568,24.900440216064453],[75.34558868408209,25.042800903320312],[75.15912628173828,25.04547119140625],[75.16439819335949,24.991661071777344],[75.115707397461,24.965391159057674],[75.11886596679682,24.889039993286246],[75.04338836669939,24.859228134155217],[74.92008209228544,24.891849517822266],[74.84635162353533,24.974290847778434],[74.82360839843744,24.928501129150447],[74.84889221191412,24.792659759521484],[74.85856628417986,24.813060760498047],[75.00705718994169,24.79606056213379],[75.02023315429716,24.752767562866325],[74.94285583496111,24.660390853882063],[74.89285278320307,24.655349731445426],[74.79931640625006,24.79564094543457],[74.77527618408209,24.68773078918457],[74.81710815429716,24.67167091369629],[74.71193695068365,24.510940551757926],[74.85813140869135,24.467332839965934],[74.75280761718778,24.28265953063965],[74.89428710937506,24.261680603027457],[74.88112640380865,24.213502883911076],[74.99298858642572,24.029701232910213],[74.90567779541033,23.87391090393072],[74.94056701660173,23.734870910644645],[74.90762329101568,23.682830810546818],[74.93972015380871,23.630371093749943],[74.84542083740234,23.554170608520508],[74.61338043212919,23.46136093139654],[74.51830291748064,23.3287296295166],[74.55346679687506,23.282520294189567],[74.70114898681669,23.272142410278377],[74.72215270996094,23.24251174926752],[74.69500732421886,23.223079681396484],[74.74579620361322,23.232709884643555],[74.74569702148443,23.21211051940918],[74.66915893554705,23.201490402221737],[74.51228332519543,23.088830947876204],[74.3911895751956,23.11199951171875],[74.32277679443376,23.062690734863395],[74.37079620361357,22.98005294799799],[74.34163665771484,22.96469116210949],[74.36202239990263,22.933090209960938],[74.40038299560547,22.899379730224553],[74.45147705078153,22.923999786376953],[74.47891998291044,22.858640670776367],[74.3841857910158,22.643569946289062],[74.26535797119158,22.64483070373541],[74.15332031250011,22.517419815063533],[74.06674957275419,22.550899505615178],[74.03466796875006,22.508369445800838],[74.08526611328153,22.508518218994254],[74.07808685302751,22.465642929077262],[74.1230010986331,22.420810699463004],[74.14424896240251,22.456710815429744],[74.18667602539068,22.44415092468256],[74.19082641601568,22.477880477905387],[74.20461273193365,22.437171936035156],[74.29418182373064,22.394468307495345],[74.20680236816423,22.367620468139762],[74.19106292724615,22.321929931640568],[74.134292602539,22.33233070373535],[74.11196136474638,22.371612548828182],[74.07198333740251,22.360240936279297],[74.07578277587908,22.22187805175787],[74.12277984619146,22.212900161743164],[74.13027191162138,22.097709655761776],[74.18070983886719,22.08660125732422],[74.09770202636736,22.01545906066889],[74.15384674072271,21.986419677734318],[74.14601898193365,21.954059600830192],[74.2006378173831,21.925649642944393],[74.28971099853544,21.935791015625227],[74.38831329345732,22.0201797485351],[74.44603729248053,22.026519775390625],[74.44863891601562,21.971130371093864],[74.52749633789068,21.908781051635742],[74.51122283935564,21.72674942016596],[74.55237579345732,21.718399047851676],[74.5588760375976,21.682081222534237],[74.78906250000028,21.61086082458496],[74.9018783569336,21.630229949951115],[75.05774688720709,21.564939498901424],[75.11509704589861,21.45956039428711],[75.21985626220709,21.410869598388786],[75.54814910888678,21.37248992919922],[75.88810729980463,21.399629592895508],[76.0523757934572,21.35270118713379],[76.0986709594726,21.37392807006836],[76.17272186279314,21.188289642333928],[76.11396026611345,21.164640426635856],[76.17263793945341,21.0846004486084],[76.37637329101591,21.07731056213379],[76.45269012451172,21.114868164062727],[76.48737335205107,21.196060180664062],[76.6233673095706,21.192659378051758],[76.6610717773438,21.282421112060604],[76.624526977539,21.33510017395031],[76.78418731689453,21.466489791870117],[76.76293182373053,21.522649765014762],[76.7953491210938,21.5975399017334],[76.90112304687517,21.600809097289982],[77.07232666015636,21.722930908203352],[77.1714477539063,21.727260589599723],[77.20742034912104,21.694009780883846],[77.28314971923828,21.724220275878906],[77.28623962402361,21.762750625610295],[77.47547149658209,21.771440505981502],[77.54218292236345,21.701030731201172],[77.57099914550798,21.562620162963867],[77.6071166992188,21.54277038574213],[77.45751190185564,21.556570053100813],[77.41696929931646,21.533060073852653],[77.48702239990263,21.377750396728516],[77.58444213867199,21.364479064941406],[77.601547241211,21.393558502197266],[77.66722106933605,21.371490478515568],[77.69113159179688,21.397069931030273],[77.70524597167969,21.359069824218864],[77.73387908935564,21.364730834961165],[77.79936981201178,21.412300109863395],[77.9387817382813,21.386909484863395],[78.1693420410158,21.49850082397461],[78.18094635009766,21.558681488037223],[78.26925659179688,21.570711135864258],[78.26612091064459,21.59428024292015],[78.36096191406278,21.578298568725643],[78.37951660156267,21.61865043640131],[78.4225616455081,21.601949691772518],[78.43009948730474,21.50175094604498],[78.50856018066418,21.52843284606928],[78.72418975830095,21.46438026428234],[78.74648284912126,21.49386978149414],[78.77218627929716,21.4671306610108],[78.78462219238281,21.489139556884766],[78.93183135986357,21.48740005493164],[78.91323852539068,21.59235954284668],[78.99444580078142,21.6187496185305],[79.08808898925798,21.599189758300895],[79.1478271484375,21.660520553589095],[79.21990203857439,21.650810241699276],[79.22869110107439,21.72392845153803],[79.34902191162126,21.678890228271484],[79.488578796387,21.674121856689453],[79.53662109375011,21.544218063354606],[79.73262023925781,21.602529525757063],[79.91581726074247,21.52448081970215],[79.9363861083985,21.556800842285384],[79.99355316162115,21.534711837768498],[80.06356811523443,21.554580688476676],[80.18821716308588,21.634201049804688],[80.26022338867193,21.620149612426815],[80.3706130981447,21.52096939086914],[80.41130828857428,21.43820190429699],[80.40336608886713,21.37648963928234],[80.48549652099615,21.397638320922965],[80.5931625366211,21.324790954589844],[80.65653228759783,21.3307723999024],[80.73021697998053,21.472051620483455],[80.7263259887697,21.731029510498104],[80.74297332763678,21.757961273193416],[80.81120300292986,21.747491836547795],[80.84117126464844,21.85645294189476],[80.81844329834001,21.956790924072266],[80.84577178955084,21.960899353027344],[80.90608978271496,22.11444091796875],[80.9505233764649,22.11301040649414],[80.97885131835955,22.048311233520508],[81.00427246093756,22.070020675659407],[80.97175598144526,22.12148094177246],[81.01579284667997,22.132709503173885],[81.0194473266601,22.229190826416016],[81.08467864990229,22.2467498779298],[81.1138458251956,22.29438018798851],[81.10999298095714,22.441120147705135],[81.18004608154291,22.4901504516601],[81.21839141845703,22.451650619506836],[81.27546691894548,22.4994411468507],[81.30396270751964,22.481750488281364],[81.32293701171892,22.524330139160156],[81.37873840332043,22.505300521850643],[81.39655303955095,22.441320419311523],[81.51906585693365,22.53998184204113],[81.61579132080084,22.539020538330135],[81.65654754638689,22.63200187683117],[81.72294616699224,22.676210403442383],[81.7405395507813,22.648069381713867],[81.76272583007841,22.663589477539062],[81.76940155029325,22.87350845336914],[81.85634613037138,22.890859603881836],[81.9402465820313,22.957090377807617],[81.93810272216803,23.077810287475586],[82.02408599853533,23.08012008666998],[82.06713104248075,23.116817474365178],[82.11588287353521,23.103799819946232],[82.15107727050776,23.14174079895031],[82.14248657226557,23.227701187133846],[82.18585968017584,23.325389862060774],[82.1109008789063,23.355840682983512],[82.09848022460955,23.39770126342779],[82.04573822021496,23.377870559692496],[82.01597595214855,23.42350959777832],[81.9761199951173,23.413110733032283],[81.91635894775396,23.532091140747127],[81.82717895507841,23.51128959655773],[81.73603057861322,23.567430496215934],[81.628227233887,23.49036979675293],[81.60704803466808,23.506889343261776],[81.56973266601562,23.588649749755973],[81.68728637695318,23.721349716186523],[81.59844207763678,23.853679656982422],[81.61051177978544,23.906972885131893],[81.66159820556652,23.925598144531364],[81.71906280517572,23.8404293060305],[81.78266143798834,23.81184005737316],[81.91644287109403,23.872989654541243],[82.00073242187528,23.863140106201286],[82.04540252685541,23.8205890655517],[82.16240692138678,23.81995964050293],[82.20388793945341,23.85299110412609],[82.22614288330084,23.806932449340877],[82.46002197265653,23.811399459838867],[82.51619720459001,23.7842311859132],[82.54451751709013,23.794189453125114],[82.52735137939482,23.82407951354992],[82.65202331542974,23.85650062561035],[82.65651702880854,23.907861709594783],[82.8077774047851,23.963058471679688]]]},"properties":{"ID_0":105,"ISO":"IND","NAME_0":"India","ID_1":20,"NAME_1":"Madhya Pradesh"}},
{"type":"Feature","geometry":{"type":"Polygon","coordinates":[[[80.65653228759783,21.3307723999024],[80.5931625366211,21.324790954589844],[80.48549652099615,21.397638320922965],[80.40336608886713,21.37648963928234],[80.41130828857428,21.43820190429699],[80.3706130981447,21.52096939086914],[80.26022338867193,21.620149612426815],[80.18821716308588,21.634201049804688],[80.06356811523443,21.554580688476676],[79.99355316162115,21.534711837768498],[79.9363861083985,21.556800842285384],[79.91581726074247,21.52448081970215],[79.73262023925781,21.602529525757063],[79.53662109375011,21.544218063354606],[79.488578796387,21.674121856689453],[79.34902191162126,21.678890228271484],[79.22869110107439,21.72392845153803],[79.21990203857439,21.650810241699276],[79.1478271484375,21.660520553589095],[79.08808898925798,21.599189758300895],[78.99444580078142,21.6187496185305],[78.91323852539068,21.59235954284668],[78.93183135986357,21.48740005493164],[78.78462219238281,21.489139556884766],[78.77218627929716,21.4671306610108],[78.74648284912126,21.49386978149414],[78.72418975830095,21.46438026428234],[78.50856018066418,21.52843284606928],[78.43009948730474,21.50175094604498],[78.4225616455081,21.601949691772518],[78.37951660156267,21.61865043640131],[78.36096191406278,21.578298568725643],[78.26612091064459,21.59428024292015],[78.26925659179688,21.570711135864258],[78.18094635009766,21.558681488037223],[78.1693420410158,21.49850082397461],[77.9387817382813,21.386909484863395],[77.79936981201178,21.412300109863395],[77.73387908935564,21.364730834961165],[77.70524597167969,21.359069824218864],[77.69113159179688,21.397069931030273],[77.66722106933605,21.371490478515568],[77.601547241211,21.393558502197266],[77.58444213867199,21.364479064941406],[77.48702239990263,21.377750396728516],[77.41696929931646,21.533060073852653],[77.45751190185564,21.556570053100813],[77.6071166992188,21.54277038574213],[77.57099914550798,21.562620162963867],[77.54218292236345,21.701030731201172],[77.47547149658209,21.771440505981502],[77.28623962402361,21.762750625610295],[77.28314971923828,21.724220275878906],[77.20742034912104,21.694009780883846],[77.1714477539063,21.727260589599723],[77.07232666015636,21.722930908203352],[76.90112304687517,21.600809097289982],[76.7953491210938,21.5975399017334],[76.76293182373053,21.522649765014762],[76.78418731689453,21.466489791870117],[76.624526977539,21.33510017395031],[76.6610717773438,21.282421112060604],[76.6233673095706,21.192659378051758],[76.48737335205107,21.196060180664062],[76.45269012451172,21.114868164062727],[76.37637329101591,21.07731056213379],[76.17263793945341,21.0846004486084],[76.11396026611345,21.164640426635856],[76.17272186279314,21.188289642333928],[76.0986709594726,21.37392807006836],[76.0523757934572,21.35270118713379],[75.88810729980463,21.399629592895508],[75.54814910888678,21.37248992919922],[75.21985626220709,21.410869598388786],[75.11509704589861,21.45956039428711],[75.05774688720709,21.564939498901424],[74.9018783569336,21.630229949951115],[74.78906250000028,21.61086082458496],[74.5588760375976,21.682081222534237],[74.55237579345732,21.718399047851676],[74.51122283935564,21.72674942016596],[74.52749633789068,21.908781051635742],[74.44863891601562,21.971130371093864],[74.44603729248053,22.026519775390625],[74.38831329345732,22.0201797485351],[74.28971099853544,21.935791015625227],[74.2006378173831,21.925649642944393],[74.14601898193365,21.954059600830192],[73.81051635742193,21.823337554931697],[73.89810180664068,21.66727066040039],[73.78761291503912,21.625049591064567],[73.86078643798822,21.49582290649414],[74.02555847167997,21.552619934082088],[74.18183135986345,21.561769485473633],[74.20523834228544,21.529211044311523],[74.30996704101557,21.567321777343807],[74.32772064208984,21.49575042724615],[74.11097717285168,21.448101043701172],[74.06716156005854,21.481931686401367],[74.0485458374024,21.419429779052848],[73.9528427124024,21.40237045288086],[73.94848632812528,21.29755020141613],[73.89199066162115,21.26241111755371],[73.83213806152372,21.2674503326416],[73.82254791259771,21.171920776367244],[73.63639831542974,21.13265991210949],[73.61316680908232,21.176059722900504],[73.58830261230474,21.167900085449446],[73.65994262695307,21.108379364013615],[73.75260925292997,21.11408996582037],[73.74218750000017,21.055500030517692],[73.77485656738287,21.01045036315918],[73.90644836425787,20.98315048217779],[73.94953155517595,20.7423095703125],[73.82264709472656,20.693820953369368],[73.83828735351562,20.61576080322277],[73.67070770263678,20.5623397827149],[73.60730743408203,20.636301040649414],[73.53837585449224,20.673860549926758],[73.49843597412126,20.653419494628906],[73.48261260986345,20.71722984313959],[73.45369720458996,20.71047019958519],[73.40273284912115,20.642599105835075],[73.50074005126953,20.540241241455078],[73.39134979248075,20.390199661254996],[73.42343139648432,20.35209083557129],[73.42991638183588,20.206230163574276],[73.31114959716797,20.207210540771484],[73.28907775878912,20.149562835693303],[73.2163162231447,20.121999740600586],[73.21774291992193,20.106340408325252],[73.21393585205084,20.090641021728516],[73.18586730957037,20.052900314330998],[73.1837997436524,20.052299499511776],[73.17539215087896,20.05805015563959],[73.1702270507813,20.065601348877067],[73.1444931030274,20.07785987854004],[73.13669586181652,20.085250854492188],[73.12773895263683,20.07816123962408],[73.1231307983399,20.077939987182617],[73.11183166503906,20.083011627197266],[73.11038208007824,20.08461189270031],[73.10517120361334,20.087219238281307],[73.08831787109375,20.094469070434627],[73.05799102783203,20.0967311859132],[73.05921173095709,20.06793022155773],[73.0452728271485,20.071781158447266],[73.01667022705084,20.13049125671398],[73.01747894287115,20.134958267212028],[73.00763702392578,20.132469177246207],[73.00771331787115,20.1294002532959],[73.00431060791021,20.117919921875057],[72.98532104492188,20.113451004028263],[72.9732284545899,20.130800247192496],[72.97042846679682,20.212329864501953],[72.8745422363283,20.225809097289982],[72.83534240722668,20.144641876220703],[72.73764038085943,20.13653945922863],[72.70764160156267,20.070140838623104],[72.71624755859375,19.972360610961914],[72.75374603271513,19.942640304565543],[72.75485992431669,19.927360534668196],[72.7198562622072,19.968751907348633],[72.69013977050787,19.95819473266613],[72.66430664062494,19.93292045593256],[72.68125152587919,19.865139007568473],[72.6506958007813,19.839580535888786],[72.69568634033209,19.804861068725813],[72.69346618652372,19.73569107055664],[72.71930694580084,19.755140304565543],[72.69374847412115,19.7293128967288],[72.73792266845697,19.597919464111442],[72.71263885498053,19.595970153808764],[72.71819305419928,19.53874969482439],[72.76486206054705,19.504304885864258],[72.78624725341797,19.52597236633312],[72.7445831298831,19.462921142578352],[72.75763702392578,19.375972747802734],[72.79902648925781,19.331251144409237],[72.7823638916015,19.193195343017692],[72.83957672119169,19.267360687255973],[72.78013610839861,19.166250228881893],[72.79347229003923,19.129859924316406],[72.82986450195307,19.18236351013195],[72.80346679687506,19.141532897949446],[72.83819580078136,19.039281845092887],[72.79181671142584,18.95070075988781],[72.823471069336,18.941530227661246],[72.80764007568365,18.890970230102596],[72.86207580566435,19.002918243408203],[72.90930175781256,18.991249084472713],[72.96319580078125,19.0584716796875],[73.03234863281256,18.99930953979498],[72.95569610595732,18.974029541015625],[72.95764160156278,18.908472061157454],[72.90791320800798,18.902084350585938],[72.92652893066435,18.850971221923885],[72.98874664306635,18.86597251892107],[72.98264312744135,18.809579849243278],[72.9704132080081,18.789859771728516],[72.94069671630876,18.82792091369646],[72.91625213623075,18.79236030578619],[72.86930847167997,18.80458259582548],[72.85514068603521,18.696809768676815],[72.92846679687494,18.541810989379826],[72.89541625976574,18.472642898559627],[72.91401672363298,18.354852676391715],[73.0279159545899,18.264305114746094],[73.05458068847673,18.270420074463004],[73.04013824462896,18.301530838012695],[73.08790588378935,18.326810836791992],[73.08625030517595,18.287916183471737],[73.04292297363281,18.29707908630394],[73.08039855957037,18.231252670288086],[73.05958557128912,18.190694808960018],[73.0881958007813,18.151527404785156],[73.05569458007807,18.18708419799799],[73.06930541992193,18.222082138061523],[72.98152923584001,18.242080688476676],[72.96457672119158,18.280139923095817],[72.93541717529303,18.281530380249137],[72.93096923828125,18.220417022705192],[72.98764038085955,18.195140838623047],[72.98986053466825,18.055139541626033],[73.0454177856447,18.041530609130973],[73.00208282470732,18.021249771118278],[73.03819274902361,17.984310150146598],[73.02960205078142,17.944311141967887],[73.09236145019548,17.940694808959904],[73.05014038085966,17.906806945800724],[73.13263702392584,17.83013916015642],[73.08735656738276,17.838750839233455],[73.13513946533209,17.716249465942667],[73.1270828247072,17.63708114624046],[73.16847229003923,17.58236122131359],[73.13708496093761,17.555973052978516],[73.20569610595709,17.43902969360346],[73.16708374023432,17.405138015747127],[73.24402618408209,17.307361602783317],[73.22763824462896,17.281530380248967],[73.18930816650396,17.297920227051065],[73.29819488525396,17.07847213745123],[73.27847290039057,17.040418624878043],[73.29013824462908,17.047639846801758],[73.3198623657226,17.038194656372355],[73.28430938720709,17.040138244628906],[73.28930664062528,17.006820678711165],[73.2659759521485,17.047639846801758],[73.2543029785158,17.02736091613764],[73.29430389404291,16.985971450805607],[73.27708435058622,16.892084121704386],[73.31346893310553,16.889030456542912],[73.285697937012,16.88070106506342],[73.29541778564482,16.816791534424112],[73.33319091796903,16.81653022766119],[73.30541992187517,16.729305267333928],[73.35263824462919,16.596530914306754],[73.31680297851557,16.600969314575252],[73.39402770996122,16.55264091491722],[73.34570312500006,16.55652809143072],[73.39013671875006,16.51431083679205],[73.34902954101591,16.504301071166992],[73.31817626953142,16.55652809143072],[73.31624603271484,16.51346969604498],[73.36541748046903,16.39763832092291],[73.40541839599615,16.40486145019554],[73.36791992187494,16.363470077514762],[73.41124725341814,16.362083435058594],[73.38540649414068,16.336530685425032],[73.41042327880888,16.277919769287166],[73.43569946289062,16.286529541015625],[73.41097259521496,16.273469924926815],[73.42986297607433,16.199031829834098],[73.44736480712896,16.224582672119254],[73.45486450195341,16.05513954162626],[73.50985717773455,15.937360763550089],[73.5904159545899,15.912361145019759],[73.68013763427763,15.724370956420842],[73.69185638427734,15.726909637451229],[73.70658874511724,15.72173023223877],[73.7185668945313,15.721619606018066],[73.83303833007818,15.737751960754395],[73.86548614501959,15.797529220581112],[73.88244628906256,15.749350547790641],[73.94536590576178,15.741521835327092],[73.99870300292969,15.611129760742188],[74.12602996826178,15.650289535522518],[74.09652709960932,15.67084980011009],[74.13359832763672,15.678400993347225],[74.13062286376964,15.7179212570191],[74.227348327637,15.785671234130916],[74.25006866455072,15.741180419921989],[74.36485290527372,15.773651123046875],[74.38931274414057,15.844140052795467],[74.34453582763689,15.85205078125],[74.37412261962896,15.891610145568904],[74.41158294677763,15.852590560913086],[74.39186859130865,15.901159286499137],[74.4702758789063,16.040540695190487],[74.36815643310547,16.052959442138615],[74.43459320068365,16.110620498657283],[74.48908996582048,16.087320327758846],[74.51287841796903,16.18826293945324],[74.5031127929688,16.231040954589844],[74.42122650146484,16.280590057373104],[74.35328674316423,16.291839599609318],[74.33383941650408,16.26807022094738],[74.32546234130876,16.379249572753906],[74.36165618896479,16.36474990844738],[74.36911010742188,16.394329071045036],[74.34265136718756,16.40049171447754],[74.33886718750006,16.452161788940543],[74.29631805419928,16.459011077880973],[74.29989624023455,16.50263023376465],[74.2687759399414,16.476030349731502],[74.25315856933611,16.494880676269588],[74.28575897216797,16.50337028503418],[74.27636718750028,16.54453277587902],[74.31411743164091,16.502098083496094],[74.32940673828153,16.553470611572266],[74.3899230957033,16.527900695800838],[74.40348052978533,16.578670501708984],[74.47245788574247,16.60481071472168],[74.47738647460966,16.660779953003157],[74.49800872802763,16.62664031982422],[74.55143737792963,16.633211135864315],[74.57405090332037,16.551969528198185],[74.63636779785173,16.575740814209098],[74.64280700683594,16.60677146911621],[74.69037628173834,16.604459762573242],[74.66050720214872,16.637580871582088],[74.69819641113287,16.71520042419445],[74.92382049560553,16.769950866699276],[74.91195678710955,16.85593986511242],[74.96726226806658,16.905380249023494],[74.93839263916044,16.94099044799816],[75.03190612792969,16.925670623779524],[75.09041595459013,16.948650360107365],[75.14112854003918,16.87354087829584],[75.21585845947271,16.840339660644588],[75.28277587890625,16.874240875244254],[75.28843688964838,16.954772949218807],[75.4679107666015,16.985330581665096],[75.49249267578153,16.94289970397955],[75.57034301757807,16.963621139526367],[75.57579803466803,17.007799148559627],[75.64502716064459,16.951032638549805],[75.67460632324224,16.96026992797846],[75.67224121093767,17.03573036193859],[75.6437530517581,17.03639984130865],[75.67848968505854,17.09417152404785],[75.62802124023443,17.17012023925787],[75.65988922119146,17.261440277099553],[75.60595703125011,17.30326080322277],[75.57853698730463,17.382930755615348],[75.6158065795899,17.391859054565487],[75.63558959960938,17.47751045227045],[75.69119262695318,17.41261100769043],[75.73703765869135,17.421899795532283],[75.80233764648438,17.370101928710938],[75.82472229003918,17.42284965515131],[75.86196899414057,17.385850906372127],[75.88723754882818,17.417329788208235],[75.89366149902361,17.353620529174748],[75.93115234375011,17.32411003112793],[76.0545272827149,17.354299545288313],[76.07874298095709,17.33007049560547],[76.12120819091814,17.366340637207088],[76.17575836181658,17.297210693359318],[76.17233276367205,17.348730087280273],[76.24436187744169,17.374679565429688],[76.27587890625,17.330530166626033],[76.34361267089861,17.349931716918945],[76.35227203369146,17.31059074401861],[76.38170623779325,17.311809539794865],[76.40806579589844,17.369289398193416],[76.3619995117188,17.375080108642692],[76.3731765747072,17.434419631958008],[76.3336563110351,17.432292938232536],[76.33080291748041,17.468818664550895],[76.37503814697294,17.493520736694393],[76.34348297119146,17.49435043334961],[76.36612701416033,17.522172927856445],[76.33167266845709,17.594869613647575],[76.41567230224604,17.604200363159293],[76.42872619628912,17.644411087036133],[76.4892959594726,17.660669326782227],[76.52369689941406,17.75889015197754],[76.5733032226563,17.760000228881893],[76.57322692871088,17.702169418335018],[76.61444854736345,17.76831245422369],[76.69055175781267,17.679952621460075],[76.72760772705084,17.736999511718864],[76.71570587158197,17.781919479370345],[76.76275634765636,17.787109375000057],[76.78816986084013,17.82647132873541],[76.73745727539062,17.85705947875988],[76.7406768798831,17.898010253906364],[76.80280303955084,17.868320465088004],[76.9164428710938,17.9150905609132],[76.91771697998064,18.03322982788086],[76.95464324951183,18.039680480957088],[76.96827697753923,18.097110748291016],[76.92256164550787,18.116109848022518],[76.95410919189482,18.184890747070256],[77.10888671875006,18.15269088745123],[77.0955429077149,18.195100784301758],[77.14998626709013,18.216560363769474],[77.17053222656256,18.280870437622013],[77.20617675781256,18.2779598236084],[77.24022674560541,18.40864753723156],[77.31741333007824,18.45379066467308],[77.3420791625976,18.430290222168026],[77.36962890625006,18.447650909423828],[77.3697509765625,18.400709152221793],[77.41011047363293,18.388530731201172],[77.3588104248048,18.310649871826286],[77.43637084960943,18.306491851806584],[77.4653930664063,18.259960174560547],[77.50950622558622,18.306730270385685],[77.54995727539091,18.2913494110108],[77.56691741943388,18.317949295043945],[77.51950073242205,18.34925270080572],[77.55520629882818,18.417852401733455],[77.5259399414062,18.42735099792486],[77.58521270751964,18.445449829101562],[77.54619598388689,18.463382720947322],[77.60106658935575,18.474210739135742],[77.59726715087919,18.54754066467285],[77.6488113403322,18.552619934081974],[77.6575698852539,18.527200698852596],[77.7365112304687,18.554809570312557],[77.73285675048857,18.676000595092773],[77.75762939453136,18.707090377807617],[77.78643798828136,18.684120178222713],[77.83746337890642,18.807460784912337],[77.94255065917986,18.822290420532454],[77.881576538086,18.908531188964787],[77.84049987792986,18.911300659179744],[77.85372924804693,18.95227813720703],[77.76735687255871,18.981420516967773],[77.75739288330084,19.028551101684513],[77.76168823242182,19.062040328979435],[77.79718017578125,19.05130958557129],[77.80265045166027,19.10196113586437],[77.84813690185564,19.090080261230582],[77.84654998779325,19.196979522705192],[77.86738586425798,19.255260467529297],[77.90570831298828,19.26721954345726],[77.8608779907226,19.302129745483512],[77.94892120361334,19.341279983520735],[78.0511322021485,19.241760253906193],[78.1700592041015,19.236330032348633],[78.18216705322271,19.411769866943473],[78.308891296387,19.456409454345817],[78.27910614013683,19.558200836181697],[78.3109893798831,19.60417938232422],[78.26972198486334,19.66312980651861],[78.3452758789063,19.713569641113338],[78.3677368164063,19.781080245971793],[78.33899688720714,19.83917999267578],[78.2941284179688,19.849550247192383],[78.31951141357428,19.915468215942326],[78.49391937255854,19.793149948120117],[78.52626800537115,19.82165908813488],[78.60365295410173,19.817501068115234],[78.71644592285162,19.766799926757926],[78.84562683105497,19.758350372314396],[78.8588027954101,19.656311035156307],[78.9689559936524,19.649232864379883],[78.98052978515642,19.585081100463867],[78.95455169677729,19.551830291748047],[79.1028671264649,19.527950286865178],[79.17778778076178,19.460691452026367],[79.22293853759783,19.46779060363781],[79.24386596679716,19.612552642822493],[79.4704208374024,19.49745178222662],[79.54265594482428,19.54852294921875],[79.59805297851591,19.503770828247127],[79.63971710205095,19.57500076293951],[79.78542327880876,19.5935897827149],[79.94020843505871,19.464509963989315],[79.97305297851591,19.401020050049055],[79.92016601562506,19.226409912109602],[79.94320678710943,19.170600891113224],[79.85804748535185,19.104110717773438],[79.85958862304682,19.034629821777344],[79.91610717773438,19.047359466552734],[79.93448638916027,19.02169990539545],[79.93900299072271,18.85889244079584],[79.89401245117193,18.830839157104606],[80.11081695556658,18.676189422607422],[80.15808105468744,18.695940017700195],[80.18895721435575,18.67558097839367],[80.26753997802763,18.71796989440918],[80.24215698242216,18.759748458862305],[80.34850311279297,18.823940277099553],[80.2676391601563,18.92878913879406],[80.26772308349638,18.98732948303234],[80.3248519897461,19.141532897949446],[80.38667297363287,19.18902015686035],[80.38334655761713,19.23913955688488],[80.56781768798845,19.400920867919865],[80.61015319824236,19.307140350341797],[80.67189025878935,19.32644844055187],[80.68860626220709,19.283489227294922],[80.74923706054688,19.286741256713867],[80.84500885009771,19.36091041564947],[80.78793334960955,19.426700592041016],[80.89206695556658,19.465681076049805],[80.82760620117205,19.562671661376896],[80.65685272216791,19.612260818481445],[80.66584014892578,19.692211151123047],[80.53967285156256,19.77459907531744],[80.54242706298828,19.819271087646484],[80.46916198730497,19.824661254882812],[80.47808837890636,19.772409439087028],[80.39470672607428,19.79457855224615],[80.4975204467774,19.8687496185305],[80.482650756836,19.898899078369254],[80.4076766967774,19.905902862549055],[80.40629577636719,19.932500839233512],[80.44370269775396,19.952671051025504],[80.52037811279303,19.93087959289562],[80.54615783691412,20.065710067749023],[80.49803161621111,20.138919830322266],[80.3938369750976,20.144020080566463],[80.41398620605474,20.1902313232423],[80.38295745849604,20.241720199584904],[80.5108261108399,20.269611358642635],[80.61776733398438,20.33368110656744],[80.5860214233399,20.395610809326115],[80.62232208251982,20.603862762451286],[80.5119018554687,20.585119247436523],[80.4815979003908,20.61709976196289],[80.58011627197271,20.683641433715877],[80.5455322265625,20.76536941528326],[80.54183959960932,20.93391990661621],[80.45555877685553,20.932109832763786],[80.4237594604495,21.00959014892601],[80.43331909179682,21.09715080261242],[80.45729827880871,21.172840118408146],[80.63530731201166,21.250139236450252],[80.67295074462896,21.298288345337028],[80.65653228759783,21.3307723999024]]]},"properties":{"ID_0":105,"ISO":"IND","NAME_0":"India","ID_1":21,"NAME_1":"Maharashtra"}},
{"type":"Feature","geometry":{"type":"Polygon","coordinates":[[[94.68242645263678,25.45973014831543],[94.55741882324213,25.512769699096737],[94.55574035644548,25.58581161499029],[94.59519958496094,25.643850326538143],[94.57301330566418,25.69765090942377],[94.50537109375,25.616992950439453],[94.43002319335938,25.592721939086914],[94.42027282714872,25.542650222778377],[94.31353759765625,25.49447059631342],[94.21485137939482,25.500240325927678],[94.19486999511736,25.55242919921875],[94.09210968017584,25.532730102539176],[94.01473236083996,25.59613037109375],[93.9652175903322,25.556577682495117],[93.77063751220697,25.540279388427848],[93.76579284667974,25.499900817871207],[93.80404663085955,25.499029159545955],[93.80899810791016,25.46558952331543],[93.69277954101591,25.361589431762695],[93.6080169677735,25.20205116271984],[93.55471038818388,25.250528335571232],[93.505142211914,25.24413108825678],[93.47402191162138,25.309280395507812],[93.38871765136724,25.245920181274528],[93.33577728271484,25.095840454101562],[93.24884033203142,25.018800735473633],[93.2624130249024,24.951370239257926],[93.19735717773438,24.811260223388786],[93.15294647216803,24.789779663085994],[93.10978698730486,24.809740066528263],[93.0758666992188,24.710390090942383],[93.10470581054693,24.675342559814453],[93.07541656494135,24.59622955322277],[93.10697937011724,24.58356094360346],[93.06111907958984,24.574832916259766],[93.03916931152338,24.411130905151424],[93.0004959106447,24.40327072143566],[93.0433731079101,24.343389511108626],[92.97637939453153,24.11482048034668],[93.07949066162115,24.102970123291016],[93.10092163085949,24.045089721679688],[93.14791107177734,24.088090896606673],[93.21673583984403,24.05006027221691],[93.24801635742216,24.08533859252941],[93.25528717041016,24.023790359497127],[93.33737182617193,24.05340003967291],[93.34691619873053,24.11296844482422],[93.41542816162115,24.079219818115348],[93.51508331298845,23.947168350219783],[93.56353759765642,23.989578247070312],[93.60346221923834,23.96959114074707],[93.62065887451178,24.014240264892578],[93.75694274902361,24.009492874145565],[93.8159866333009,23.929828643799055],[93.95378112792986,23.950199127197266],[94.09609222412126,23.893571853637752],[94.1226425170899,23.842729568481445],[94.16146087646479,23.85277938842796],[94.32634735107428,24.33894920349121],[94.38336944580084,24.379409790039062],[94.40341949462896,24.487779617309513],[94.53148651123041,24.632390975952262],[94.55098724365251,24.716539382934627],[94.61084747314453,24.72211265563965],[94.63784790039068,24.842359542846907],[94.71907043457037,24.942470550537166],[94.745658874512,25.13659095764166],[94.58535766601568,25.215749740600586],[94.68242645263678,25.45973014831543]]]},"properties":{"ID_0":105,"ISO":"IND","NAME_0":"India","ID_1":22,"NAME_1":"Manipur"}},
{"type":"Feature","geometry":{"type":"Polygon","coordinates":[[[92.42590332031261,25.031820297241325],[92.46325683593756,25.03712844848627],[92.48429870605497,25.10806083679205],[92.5429458618164,25.099599838256836],[92.52466583251959,25.140029907226506],[92.62164306640653,25.117700576782283],[92.66690826416033,25.177061080932617],[92.80442047119158,25.21932983398449],[92.76464843750011,25.24934959411621],[92.78437042236328,25.332538604736442],[92.65428161621094,25.435340881347656],[92.60909271240251,25.41657066345215],[92.59815979003935,25.471651077270508],[92.56741333007818,25.46747016906744],[92.64469909667997,25.537441253662053],[92.65345764160168,25.592180252075195],[92.57250213623064,25.56042098999046],[92.55761718750017,25.611988067627067],[92.50170898437517,25.62293052673334],[92.43213653564459,25.691009521484432],[92.43316650390653,25.731452941894645],[92.38510131835966,25.75356292724615],[92.16069793701189,25.671859741210938],[92.15310668945318,25.8127498626709],[92.22547912597685,25.907049179077205],[92.16369628906244,25.911790847778263],[92.15631866455095,25.944799423218],[92.29731750488287,26.079149246215877],[91.99106597900419,26.041032791137923],[91.92209625244158,25.999530792236442],[91.87016296386713,26.052190780639876],[91.87578582763678,26.09773063659668],[91.81931304931646,26.118740081787223],[91.73126220703153,26.0592098236084],[91.7201766967774,25.95407104492199],[91.66931152343744,25.90538978576666],[91.61115264892578,25.939920425415096],[91.63215637207048,26.022409439087028],[91.57583618164091,26.03310966491722],[91.47476196289057,25.87123107910179],[91.52540588378912,25.872890472412223],[91.3335571289063,25.83884048461914],[91.27562713623075,25.746940612793082],[91.22387695312506,25.723419189453182],[91.17993164062517,25.77631950378418],[91.19647979736322,25.859010696411133],[91.00078582763666,25.82225036621105],[91.02922058105469,25.888048171997127],[90.96745300292986,25.887180328369197],[90.94274902343761,25.947570800781364],[90.91911315917997,25.91331100463873],[90.88298034667969,25.951749801635685],[90.80989074707048,25.952159881591797],[90.77806091308611,25.90829086303711],[90.7405395507813,25.91521072387701],[90.74743652343761,25.9573211669923],[90.68604278564482,25.950809478759766],[90.624809265137,25.89889907836914],[90.62901306152372,25.9374294281007],[90.58245849609386,25.95979118347168],[90.51254272460955,25.896240234375057],[90.53446197509766,25.958021163940543],[90.47728729248047,26.01526069641119],[90.10051727294916,25.942068099975586],[90.0961227416995,25.939519882202262],[90.09192657470732,25.92876052856451],[90.08072662353533,25.924528121948242],[90.07797241210966,25.91768074035656],[90.07242584228527,25.91933822631836],[90.0633087158206,25.91554832458496],[90.05892181396513,25.91027069091797],[90.05219268798834,25.89868927001976],[90.02791595458984,25.89430999755882],[90.01525115966825,25.88862037658697],[90.01436614990251,25.871789932250977],[90.01872253417986,25.8713703155517],[90.02191925048857,25.865528106689453],[90.01152038574224,25.849670410156477],[89.99743652343756,25.844209671020565],[90.00160217285162,25.842241287231445],[89.9679565429687,25.826150894164982],[89.95056915283232,25.824871063232365],[89.94581604003935,25.820230484008903],[89.94561767578153,25.816101074218977],[89.95199584960955,25.810911178589095],[89.95260620117193,25.783420562744197],[89.91613769531267,25.739191055297795],[89.89908599853544,25.744050979614485],[89.91263580322294,25.70706176757824],[89.9185028076173,25.702688217163086],[89.93235015869158,25.689960479736385],[89.94172668457037,25.678119659423885],[89.98043823242193,25.637569427490178],[89.99933624267584,25.62185096740734],[90.00453948974638,25.623821258545036],[90.0058212280274,25.58836936950695],[89.99536132812506,25.58634948730463],[89.91809844970709,25.562629699707088],[89.87758636474626,25.548931121826172],[89.87010192871122,25.54422187805187],[89.87455749511736,25.54156112670904],[89.87145233154291,25.53729820251459],[89.87565612792969,25.528528213501204],[89.87384796142584,25.51356124877941],[89.87995910644537,25.488639831543026],[89.8687133789063,25.476360321045036],[89.85511016845703,25.476049423217887],[89.82166290283197,25.385360717773438],[89.83426666259766,25.295669555664006],[89.97123718261736,25.303060531616154],[90.11519622802763,25.226921081543196],[90.34152984619146,25.193500518798942],[90.45236206054693,25.144502639770508],[90.67117309570341,25.19729042053234],[90.70439910888672,25.155271530151367],[90.78542327880888,25.183969497680664],[90.85353851318354,25.155771255493164],[91.27378845214861,25.204307556152287],[91.47406768798828,25.133859634399414],[91.61741638183622,25.17591094970703],[91.60558319091825,25.145801544189567],[91.64453125,25.122720718383732],[91.7440032958985,25.151220321655387],[91.75287628173828,25.179821014404297],[92.06717681884794,25.189970016479435],[92.42590332031261,25.031820297241325]]]},"properties":{"ID_0":105,"ISO":"IND","NAME_0":"India","ID_1":23,"NAME_1":"Meghalaya"}},
{"type":"Feature","geometry":{"type":"Polygon","coordinates":[[[93.0004959106447,24.40327072143566],[92.91153717041044,24.41290092468256],[92.82898712158197,24.37776947021507],[92.7651977539063,24.520849227905387],[92.69066619873075,24.354801177978572],[92.62428283691435,24.332651138305778],[92.61158752441423,24.25334930419922],[92.55063629150396,24.24589920043951],[92.5135726928711,24.17358016967779],[92.50863647460943,24.169200897217024],[92.51283264160162,24.162578582763786],[92.50953674316423,24.162889480590877],[92.50488281250028,24.16731071472168],[92.50245666503906,24.16211128234869],[92.4880828857423,24.16221809387207],[92.4849014282226,24.15930938720703],[92.48264312744158,24.15709114074707],[92.4835586547851,24.153930664062443],[92.47332000732439,24.142030715942383],[92.4668273925783,24.13504028320324],[92.46306610107428,24.136369705200252],[92.44182586669939,24.152851104736442],[92.43743133544939,24.15135002136236],[92.43522644042974,24.162578582763786],[92.43445587158209,24.174140930175895],[92.42237854003923,24.253110885620117],[92.3140716552735,24.252601623535156],[92.29660797119169,24.251729965209904],[92.2953033447265,24.24801063537592],[92.29485321044928,24.240709304809627],[92.29682159423857,24.23807907104498],[92.29631042480486,24.233829498291016],[92.29946899414091,24.23162078857422],[92.29763031005876,24.227228164672795],[92.30116271972668,24.224510192871037],[92.30974578857433,24.21479988098156],[92.31608581542997,24.213218688964957],[92.32945251464838,24.19115066528326],[92.32704162597662,24.186109542846793],[92.32993316650396,24.174650192260856],[92.3318481445313,24.163570404052678],[92.33435058593761,24.150829315185547],[92.33631134033197,24.144359588623047],[92.33529663085943,24.143550872802678],[92.33228302001982,24.144029617309684],[92.32924652099638,24.139850616455135],[92.32816314697283,24.135169982910213],[92.32824707031261,24.124591827392635],[92.33170318603544,24.11314010620123],[92.3293228149414,24.11033821105957],[92.33230590820307,24.1052703857423],[92.32971191406256,24.101150512695312],[92.31680297851574,24.066759109497127],[92.32174682617193,24.058719635009766],[92.3203201293947,24.051170349121094],[92.3152694702149,24.048690795898438],[92.31719970703153,24.037500381469727],[92.31932067871122,24.03128051757824],[92.31669616699236,24.027971267700195],[92.3217163085938,24.018779754638786],[92.31886291503912,24.019201278686637],[92.31716156005865,24.017629623413143],[92.3196411132813,23.97532081604004],[92.31262969970732,23.970211029052734],[92.3133392333985,23.9609699249267],[92.31262207031278,23.957450866699332],[92.31340026855497,23.934530258178825],[92.32116699218756,23.926111221313477],[92.33065795898438,23.921449661254996],[92.32985687255876,23.905519485473633],[92.32360076904297,23.904678344726562],[92.32157135009777,23.891399383544865],[92.31828308105474,23.88795852661127],[92.31932830810575,23.883678436279524],[92.31655883789068,23.88166809082054],[92.31710815429705,23.879180908203182],[92.32041168212896,23.878009796142692],[92.32198333740263,23.869810104370174],[92.31822204589861,23.86705017089855],[92.31957244873064,23.865200042724666],[92.30729675292997,23.863870620727482],[92.30063629150419,23.866439819335994],[92.29514312744158,23.870109558105582],[92.2939071655274,23.871322631835938],[92.28779602050787,23.866960525512695],[92.27413940429682,23.843610763549805],[92.27709197998053,23.83658027648937],[92.2820663452149,23.8309001922608],[92.28359985351568,23.82420158386236],[92.28344726562528,23.823438644409237],[92.28678894042969,23.81678009033203],[92.28076934814482,23.815130233764762],[92.26947784423834,23.817779541015852],[92.2623367309572,23.80488014221197],[92.26711273193376,23.76189994812023],[92.26634979248064,23.738727569580135],[92.26850128173834,23.728610992431868],[92.40863037109392,23.246080398559513],[92.36109924316435,23.237537384033317],[92.39366912841808,23.058168411255167],[92.37542724609375,22.934881210327262],[92.44753265380876,22.89359092712425],[92.53174591064459,22.656141281127987],[92.61389160156267,22.172941207885742],[92.60997772216825,22.12130928039562],[92.5704193115235,22.12912178039562],[92.60968017578142,21.97683715820324],[92.68435668945324,22.017910003662337],[92.68383789062494,22.105348587036133],[92.69355773925776,22.077249526977653],[92.71788787841803,22.152629852295036],[92.86773681640642,22.06536293029791],[92.91088867187506,21.946229934692326],[92.95580291748075,22.02992057800293],[93.00924682617188,21.983930587768555],[93.01326751709001,22.1022109985351],[93.06556701660162,22.102052688598576],[93.0466613769533,22.197620391845817],[93.15441131591814,22.1781902313233],[93.14710998535185,22.246540069580078],[93.20858001709001,22.26106834411621],[93.1908111572265,22.427259445190487],[93.11168670654314,22.531789779663313],[93.1443710327149,22.598859786987305],[93.09175109863287,22.709341049194393],[93.0992660522461,22.81040954589838],[93.13875579833984,22.913179397583065],[93.16835021972673,22.919130325317496],[93.13294219970709,23.047500610351562],[93.19445037841797,23.06031036376953],[93.2531967163086,23.006481170654524],[93.29772186279303,23.005798339843807],[93.39364624023443,23.13861274719261],[93.3658065795899,23.354480743408146],[93.41423797607428,23.38801193237316],[93.39718627929682,23.433311462402457],[93.44470214843767,23.68242835998541],[93.40528869628912,23.761590957641715],[93.39871978759766,23.93028068542486],[93.33442687988276,23.98694992065424],[93.33737182617193,24.05340003967291],[93.25528717041016,24.023790359497127],[93.24801635742216,24.08533859252941],[93.21673583984403,24.05006027221691],[93.14791107177734,24.088090896606673],[93.10092163085949,24.045089721679688],[93.07949066162115,24.102970123291016],[92.97637939453153,24.11482048034668],[93.0433731079101,24.343389511108626],[93.0004959106447,24.40327072143566]]]},"properties":{"ID_0":105,"ISO":"IND","NAME_0":"India","ID_1":24,"NAME_1":"Mizoram"}},
{"type":"Feature","geometry":{"type":"Polygon","coordinates":[[[95.23763275146501,26.686290740966797],[95.21614074707037,26.735319137573242],[95.24491882324224,26.787330627441634],[95.18450164794933,26.864830017089957],[95.23385620117193,26.89084053039545],[95.1955184936524,27.042949676513672],[95.02134704589861,26.925399780273494],[94.92816162109386,26.952100753784237],[94.88622283935575,26.932460784912223],[94.8022079467774,26.80606079101574],[94.68660736084001,26.732589721679915],[94.60414886474604,26.73928070068365],[94.574691772461,26.691020965576172],[94.54505920410173,26.710901260376204],[94.46794128417997,26.669820785522575],[94.4625015258789,26.635459899902344],[94.40786743164091,26.61433029174799],[94.39945220947294,26.532320022583008],[94.31651306152372,26.462930679321516],[94.27674102783209,26.558839797973633],[94.18654632568365,26.46051025390625],[94.17550659179693,26.344219207763786],[94.1080474853515,26.32640075683588],[94.0048065185548,26.17327117919922],[93.95488739013666,26.0073299407959],[93.97939300537115,25.919679641723633],[93.79576110839855,25.814350128173942],[93.77301788330084,25.966020584106445],[93.68768310546875,25.909440994262752],[93.70548248291021,25.848630905151367],[93.57324981689453,25.760799407958984],[93.49991607666021,25.65652084350586],[93.3317413330081,25.546810150146484],[93.39591979980474,25.464120864868278],[93.46186828613298,25.4346981048584],[93.47402191162138,25.309280395507812],[93.505142211914,25.24413108825678],[93.55471038818388,25.250528335571232],[93.6080169677735,25.20205116271984],[93.69277954101591,25.361589431762695],[93.80899810791016,25.46558952331543],[93.80404663085955,25.499029159545955],[93.76579284667974,25.499900817871207],[93.77063751220697,25.540279388427848],[93.9652175903322,25.556577682495117],[94.01473236083996,25.59613037109375],[94.09210968017584,25.532730102539176],[94.19486999511736,25.55242919921875],[94.21485137939482,25.500240325927678],[94.31353759765625,25.49447059631342],[94.42027282714872,25.542650222778377],[94.43002319335938,25.592721939086914],[94.50537109375,25.616992950439453],[94.57301330566418,25.69765090942377],[94.59519958496094,25.643850326538143],[94.55574035644548,25.58581161499029],[94.55741882324213,25.512769699096737],[94.68242645263678,25.45973014831543],[94.81249237060564,25.495370864868278],[94.84944152832026,25.560689926147518],[94.90499114990251,25.56711006164562],[94.88897705078142,25.593111038208008],[94.93757629394531,25.669031143188477],[95.05252838134794,25.762659072875977],[95.0218658447265,25.90999984741211],[95.18569946289057,26.080350875854492],[95.1205673217774,26.109741210937443],[95.1357421875,26.387832641601506],[95.0672073364259,26.461549758911133],[95.15470886230474,26.61948966979992],[95.23763275146501,26.686290740966797]]]},"properties":{"ID_0":105,"ISO":"IND","NAME_0":"India","ID_1":25,"NAME_1":"Nagaland"}},
{"type":"Feature","geometry":{"type":"MultiPolygon","coordinates":[[[[84.73021697998064,19.089305877685547],[84.76125335693388,19.071250915527514],[84.7834701538086,19.11069488525402],[84.73021697998064,19.089305877685547]]],[[[86.27027893066412,20.058057785034123],[86.24546051025396,20.029170989990348],[86.30805206298834,20.03444480895996],[86.27027893066412,20.058057785034123]]],[[[86.87065124511736,20.771778106689453],[86.83000183105469,20.760000228881836],[86.77379608154303,20.646387100219897],[86.80583190917969,20.645280838012695],[86.81912231445307,20.63924217224138],[86.8218612670899,20.647069931030273],[86.81335449218778,20.66238975524908],[86.79541015625011,20.665622711181697],[86.79666900634783,20.672508239746094],[86.80347442626947,20.676567077636946],[86.83022308349626,20.672508239746094],[86.84200286865229,20.65223884582548],[86.85352325439459,20.65672492980957],[86.87832641601568,20.733060836791935],[86.85917663574213,20.66472053527832],[86.92871093750006,20.714651107788143],[87.00138854980474,20.715829849243164],[86.99194335937517,20.771112442016545],[86.87065124511736,20.771778106689453]]],[[[86.72278594970732,22.215248107910213],[86.53237915039068,22.298191070556584],[86.49994659423834,22.34095191955572],[86.43335723876959,22.301540374755916],[86.3527374267581,22.345420837402344],[86.27982330322271,22.44552040100109],[86.1073303222658,22.484897613525504],[86.03849029541033,22.563589096069336],[85.95350646972668,22.455972671509016],[86.00874328613298,22.424320220947266],[86.02124786376982,22.37504005432129],[85.99288177490251,22.33815956115734],[86.04328918457037,22.306190490722713],[85.96978759765625,22.24340057373047],[86.0267181396485,22.185222625732536],[85.90542602539068,21.96663093566889],[85.76074981689453,21.989719390869254],[85.78794097900396,22.077190399169922],[85.83075714111345,22.07697105407709],[85.80204772949224,22.110830307006893],[85.6815032958985,22.04878044128418],[85.64460754394548,22.090280532836914],[85.53954315185547,22.08658981323248],[85.39443969726568,22.158599853515682],[85.30007934570341,22.10705947875971],[85.230941772461,22.00027084350586],[85.21074676513678,22.043180465698356],[85.09543609619169,22.099451065063477],[84.97982025146513,22.08468055725109],[85.02374267578125,22.11199188232422],[85.07051086425798,22.272159576416243],[85.11445617675787,22.290489196777344],[85.07405853271513,22.348590850830078],[85.06249237060564,22.478410720825195],[84.89379882812528,22.418010711669922],[84.8077926635745,22.446861267089787],[84.75269317626947,22.442012786865234],[84.74385070800787,22.414751052856502],[84.52662658691418,22.420021057128906],[84.4260864257813,22.34881019592291],[84.28922271728516,22.337320327758846],[84.15248870849626,22.400930404663143],[84.13492584228516,22.470949172973576],[84.00250244140653,22.520860671997184],[83.97609710693365,22.502210617065487],[84.04155731201178,22.464109420776424],[84.00421142578153,22.36766052246105],[83.86100769042963,22.343780517578352],[83.75279998779303,22.242860794067383],[83.64575195312506,22.224588394165096],[83.5591659545899,22.103860855102596],[83.60031890869158,22.065509796142578],[83.53836822509771,22.055379867553825],[83.53517150878912,21.963500976562614],[83.60047912597656,21.910840988159123],[83.58447265625017,21.843601226806697],[83.53124237060547,21.831899642944336],[83.53656768798822,21.79393005371105],[83.49091339111334,21.81454086303711],[83.46717834472673,21.78273963928234],[83.484130859375,21.74155235290533],[83.41974639892584,21.675020217895508],[83.48454284667986,21.62556266784668],[83.45275878906256,21.605190277099723],[83.44123077392595,21.649272918701286],[83.38072204589872,21.612751007080078],[83.33463287353533,21.495550155639705],[83.40265655517607,21.34843063354515],[83.27001953125006,21.375038146972884],[83.27455902099626,21.285671234131087],[83.21835327148443,21.26012039184593],[83.19010162353521,21.13552856445324],[83.11984252929705,21.101060867309684],[82.95606994628912,21.175489425659237],[82.78884887695341,21.13927268981945],[82.63594055175781,21.149450302124023],[82.62230682373053,21.036569595337028],[82.48567199707048,20.903511047363338],[82.4590530395509,20.823841094970703],[82.34661865234392,20.883848190307845],[82.33512878417963,20.758518218994254],[82.36823272705084,20.62405967712425],[82.32401275634777,20.55388069152832],[82.42916870117182,20.425752639770508],[82.39377593994146,20.33552169799799],[82.42922973632812,20.282962799072322],[82.37892913818365,20.144630432128963],[82.39086151123064,20.059589385986328],[82.5983657836914,19.985639572143555],[82.70748901367205,19.990219116210938],[82.70271301269548,19.831039428711165],[82.645736694336,19.825370788574332],[82.5850601196289,19.771049499511662],[82.59349822998053,19.864540100097656],[82.44239044189453,19.902982711791935],[82.33944702148443,19.8299617767334],[82.23062896728516,19.998081207275504],[82.17846679687506,19.97808265686035],[82.05789947509771,20.049869537353516],[82.02440643310575,20.010040283203068],[81.94135284423834,20.102251052856445],[81.86653900146501,20.03603935241705],[81.84963226318365,19.908050537109375],[81.96037292480486,19.85473823547386],[81.98014831542997,19.795780181884766],[82.05982971191412,19.78309822082514],[82.02239227294922,19.501802444458008],[82.09207916259777,19.509840011596793],[82.11930847167974,19.423900604248104],[82.18305969238293,19.417610168456974],[82.14083099365251,19.3619194030764],[82.18316650390642,19.31970024108898],[82.15172576904303,19.26546287536644],[82.17878723144548,19.158859252929744],[82.15978240966803,19.12648010253912],[82.21211242675776,19.090549468994254],[82.19409179687506,19.060220718383732],[82.23956298828153,18.910459518432617],[82.17272949218756,18.895288467407227],[82.16114807128935,18.790960311889762],[82.08141326904325,18.755870819091797],[82.07858276367216,18.71208190917963],[81.96768188476568,18.690612792968807],[81.94744110107428,18.628820419311637],[81.88537597656244,18.65032958984375],[81.9545288085938,18.586709976196346],[81.94690704345709,18.55915069580078],[81.90859985351574,18.564228057861328],[81.8579406738283,18.51305961608898],[81.76210021972662,18.411310195922965],[81.74491119384771,18.345350265503157],[81.65809631347662,18.339290618896428],[81.65866851806646,18.31109809875494],[81.52796173095703,18.259080886840934],[81.47731018066412,17.970020294189396],[81.43725585937506,17.875938415527344],[81.39382934570341,17.885139465332088],[81.3849716186524,17.806592941284293],[81.61115264892595,17.81536293029785],[81.66306304931646,17.876930236816463],[81.7031707763673,17.861129760742415],[81.75829315185558,17.893360137939396],[82.02465820312517,18.057880401611385],[82.16034698486334,18.043598175048942],[82.2417068481447,17.979761123657227],[82.26725006103516,17.98644065856945],[82.2669525146485,18.048271179199332],[82.32977294921903,18.040410995483512],[82.33336639404308,18.142379760742188],[82.36515808105474,18.13966941833496],[82.30609893798857,18.195659637451115],[82.39301300048834,18.306440353393782],[82.33444213867193,18.3171329498291],[82.38442993164068,18.36911010742199],[82.36128997802751,18.40991020202631],[82.47400665283203,18.5368328094483],[82.5231323242188,18.50392913818365],[82.53015136718756,18.434310913085994],[82.55377197265642,18.43765068054205],[82.53515625000011,18.389560699463118],[82.60050964355469,18.368709564208984],[82.58074188232433,18.270099639892578],[82.62687683105474,18.22874069213873],[82.65883636474626,18.286609649658317],[82.7670516967774,18.331079483032227],[82.79917144775419,18.439401626586914],[82.88461303710966,18.412759780883846],[82.90274810791044,18.35591125488287],[83.0533905029298,18.375299453735295],[83.05982971191412,18.428632736206055],[83.01541137695318,18.444429397583065],[83.08933258056658,18.537910461425895],[83.03247833251953,18.547889709472656],[83.05394744873053,18.58646965026861],[83.00804138183588,18.588420867919922],[83.00968170166021,18.63652992248541],[83.13295745849638,18.772449493408146],[83.20506286621122,18.715860366821516],[83.21939086914062,18.765819549560547],[83.26609802246122,18.7570095062257],[83.27950286865251,18.789600372314567],[83.3963012695313,18.83070945739746],[83.4113388061524,18.859340667724837],[83.34661102294922,18.926870346069336],[83.38022613525408,18.92328262329113],[83.34575653076178,18.957099914550838],[83.32901000976591,18.91690826416027],[83.30526733398455,18.989681243896598],[83.40885162353521,18.996191024780387],[83.45548248291044,18.945579528808594],[83.45939636230474,19.06967163085949],[83.50538635253912,19.06477165222168],[83.49539947509783,19.01109123229992],[83.53138732910185,19.00542068481451],[83.5464324951173,19.073829650878963],[83.5787658691408,19.049789428711165],[83.62328338623053,19.15363121032715],[83.72325134277355,19.011899948120117],[83.7057418823245,18.985240936279354],[83.7458267211914,18.918172836303825],[83.78006744384771,18.90772056579584],[83.73956298828142,18.97844123840332],[83.78704071044939,19.008369445800838],[83.87017822265625,18.818429946899414],[84.0270614624024,18.80220031738287],[84.08177947998053,18.744640350341797],[84.33222198486334,18.792022705078125],[84.33442687988281,18.863849639892578],[84.36241149902372,18.851060867309627],[84.3514480590822,18.883199691772518],[84.38762664794916,18.87766838073736],[84.36531829833979,18.896259307861328],[84.40981292724626,18.8906307220459],[84.43472290039091,18.976829528808537],[84.42640686035173,18.9839706420899],[84.42555236816435,18.98915100097662],[84.42526245117205,18.995340347290153],[84.41464996337896,19.012359619140625],[84.42002105712919,19.01251983642578],[84.42218780517595,19.008531570434513],[84.43739318847685,18.997459411621094],[84.47165679931646,18.981220245361555],[84.47569274902355,18.991739273071232],[84.47782897949247,19.007890701294002],[84.48938751220709,19.020950317382812],[84.49777984619146,19.02487945556635],[84.5099182128908,19.03746032714855],[84.54772186279297,19.046091079712028],[84.5597229003908,19.05956077575678],[84.56797027587896,19.063470840454045],[84.57060241699236,19.060411453247013],[84.57811737060558,19.062128067016545],[84.57364654541033,19.03511047363287],[84.58769226074247,19.0129909515382],[84.60048675537104,19.03293037414562],[84.60946655273438,19.04673957824707],[84.61235809326189,19.049739837646598],[84.62329101562506,19.055660247802848],[84.62541198730474,19.052780151367188],[84.63005828857416,19.049591064453352],[84.63437652587896,19.05554008483881],[84.64772796630865,19.05608940124523],[84.65453338623047,19.052310943603516],[84.66320037841825,19.064451217651424],[84.64460754394548,19.084451675414982],[84.6336059570313,19.074638366699332],[84.62444305419928,19.074420928955078],[84.6167831420899,19.090000152588004],[84.60556030273443,19.092630386352653],[84.59577178955095,19.115209579467887],[84.62931823730486,19.120700836181754],[84.64729309082037,19.120370864868164],[84.66117095947283,19.121860504150504],[84.66590118408232,19.135271072387752],[84.66501617431658,19.15673065185547],[84.68141174316423,19.149749755859432],[84.697563171387,19.15029144287115],[84.7020874023438,19.151149749755916],[84.69731903076178,19.12512969970726],[84.69391632080107,19.12155151367199],[84.69832611084013,19.110309600830078],[84.69754791259794,19.108818054199162],[84.71903228759771,19.095844268799055],[84.722640991211,19.139860153198185],[84.75041961669922,19.136529922485522],[84.72541809082026,19.09653091430681],[84.78237152099615,19.11320114135765],[84.90569305419939,19.269582748413086],[85.3855590820312,19.6061115264892],[85.90499877929693,19.832221984863565],[86.09514617919939,19.859910964965877],[86.2279663085938,19.90088081359869],[86.22252655029314,19.92562103271507],[86.22778320312511,19.90361022949213],[86.36422729492188,19.95372962951683],[86.31749725341797,19.949165344238395],[86.3410263061524,19.972379684448356],[86.30266571044939,19.983543395996264],[86.29494476318388,20.024419784545955],[86.23665618896501,20.02695083618164],[86.247856140137,20.053188323974894],[86.26915740966803,20.062780380249137],[86.28722381591797,20.049722671508903],[86.29046630859375,20.060981750488452],[86.34221649169928,19.986391067504996],[86.38889312744146,19.977228164673136],[86.41176605224626,20.05554008483898],[86.43678283691412,20.060968399047965],[86.48388671875006,20.110275268554915],[86.52055358886724,20.169166564941406],[86.55889129638678,20.200559616088867],[86.50388336181658,20.16444015502924],[86.4713897705081,20.09749984741228],[86.46221923828153,20.11471939086914],[86.49111175537126,20.15777015686035],[86.45999908447283,20.162221908569336],[86.67973327636736,20.258050918579272],[86.67111206054682,20.28222274780296],[86.68000030517584,20.263332366943587],[86.78083038330095,20.345834732055664],[86.77971649169928,20.391670227050895],[86.72943115234403,20.404880523681697],[86.73388671875017,20.47916603088379],[86.78444671630876,20.53582954406761],[87.04518890380876,20.709484100341854],[86.93393707275385,20.710710525512695],[86.84506225585932,20.650819778442383],[86.83930206298857,20.653419494628906],[86.82853698730474,20.672269821166992],[86.80223846435553,20.67521095275879],[86.79650878906256,20.665571212768555],[86.81408691406256,20.663658142089957],[86.82298278808611,20.646511077880916],[86.82055664062506,20.639583587646484],[86.81587219238276,20.636400222778605],[86.80694580078142,20.643333435058594],[86.77361297607428,20.645280838012695],[86.7556991577149,20.613344192504996],[86.82776641845703,20.771669387817496],[86.88138580322271,20.797502517700195],[86.95749664306646,20.7847194671632],[86.9702758789063,20.823329925537337],[86.82332611083984,21.138330459594727],[86.8922195434572,21.316389083862305],[87.10694885253906,21.51773452758789],[87.20089721679693,21.548490524291992],[87.37999725341803,21.54555511474632],[87.48203277587896,21.608703613281307],[87.48171234130888,21.613830566406477],[87.46090698242216,21.64445114135765],[87.46041870117205,21.657129287719727],[87.46826171875006,21.67727088928234],[87.46752929687506,21.695659637451115],[87.469291687012,21.69845008850109],[87.46264648437528,21.717060089111328],[87.46573638916033,21.72357749938965],[87.46517944335955,21.726360321044865],[87.4444198608399,21.73248100280773],[87.4511108398438,21.735412597656193],[87.44330596923834,21.742120742797965],[87.44367218017584,21.760889053344727],[87.43930816650396,21.764360427856502],[87.42481994628912,21.765659332275334],[87.39240264892584,21.768981933593693],[87.38330078125028,21.770860671997298],[87.37045288085943,21.768020629882926],[87.35504913330107,21.779279708862305],[87.34046173095703,21.78395843505865],[87.33666992187506,21.779180526733455],[87.3327026367188,21.787200927734432],[87.32618713378912,21.785640716552848],[87.32286071777344,21.785961151123104],[87.3168563842774,21.788549423217887],[87.31796264648443,21.790550231933537],[87.30605316162138,21.79385948181158],[87.29656982421892,21.79533004760748],[87.29480743408197,21.80389022827154],[87.28060913085943,21.79915809631359],[87.27333831787115,21.80360031127924],[87.27314758300787,21.80579948425293],[87.26242065429705,21.81385993957514],[87.267807006836,21.819709777832145],[87.26169586181646,21.833299636840934],[87.25527191162121,21.843879699707088],[87.24475097656256,21.856370925903434],[87.24897766113293,21.86651992797863],[87.2524032592774,21.91780281066889],[87.23542785644537,21.933740615844954],[87.232231140137,21.940361022949276],[87.234848022461,21.954380035400447],[87.22440338134794,21.954019546508903],[87.22119140624994,21.953210830688533],[87.2029113769533,21.956439971923828],[87.1749725341798,21.96619987487793],[87.16744232177751,21.973409652709904],[87.15976715087885,21.949081420898438],[87.15828704834001,21.930549621581974],[87.15168762207037,21.927999496460075],[87.11424255371111,21.922170639038086],[87.11033630371122,21.918020248413143],[87.10468292236345,21.917819976806754],[87.09101867675787,21.899230957031364],[87.08853912353521,21.895072937011662],[87.08941650390642,21.89240074157715],[87.09612274169939,21.886249542236328],[87.09626007080072,21.88210105895996],[87.07773590087919,21.859800338745117],[86.99793243408209,21.907501220703125],[87.03431701660173,21.98919105529785],[87.01761627197277,22.041280746460075],[86.95723724365251,22.083368301391545],[86.83200836181646,22.095109939575423],[86.7903213500976,22.153940200805607],[86.71544647216803,22.14349174499523],[86.72278594970732,22.215248107910213]]]]},"properties":{"ID_0":105,"ISO":"IND","NAME_0":"India","ID_1":26,"NAME_1":"Orissa"}},
{"type":"Feature","geometry":{"type":"MultiPolygon","coordinates":[[[[79.76051330566412,10.98058128356945],[79.74305725097656,10.985060691833496],[79.73017883300787,10.985109329223633],[79.73163604736345,10.975291252136458],[79.73818969726568,10.969319343566838],[79.73951721191412,10.966090202331543],[79.74131011962919,10.963260650634766],[79.73992156982428,10.955780982971419],[79.7457275390625,10.94929027557373],[79.7400970458985,10.943650245666618],[79.7266921997072,10.952350616455078],[79.71546173095709,10.953289985656681],[79.70391845703153,10.947610855102766],[79.71555328369169,10.9382905960083],[79.72122955322271,10.935310363769531],[79.70767211914068,10.923411369323958],[79.7043762207033,10.921039581298771],[79.71042633056635,10.91913986206049],[79.70803833007818,10.915101051330566],[79.70863342285162,10.914155006408691],[79.72083282470709,10.910701751709098],[79.71958923339838,10.905791282653865],[79.72389984130865,10.908021926879826],[79.72590637207048,10.906901359558049],[79.72838592529314,10.902290344238281],[79.7429809570313,10.899360656738395],[79.74794769287121,10.895219802856559],[79.7541580200197,10.886659622192326],[79.76045227050798,10.88315200805664],[79.77317047119169,10.889560699462834],[79.77635955810553,10.881679534912166],[79.77005767822271,10.877981185913029],[79.77562713623075,10.87578105926525],[79.78486633300798,10.87355041503929],[79.81138610839861,10.864431381225529],[79.78956604003935,10.861750602722168],[79.80745697021496,10.852690696716309],[79.79228210449236,10.848831176757926],[79.79313659667974,10.83949089050293],[79.80307006835949,10.83368968963623],[79.80819702148443,10.831381797790755],[79.8132629394533,10.828740119934025],[79.81368255615234,10.81837177276617],[79.8133392333985,10.814081192016658],[79.83571624755888,10.811721801757812],[79.85124969482439,10.813771247863826],[79.82375335693376,10.817641258239973],[79.85208129882818,10.827630043029842],[79.85058593750028,10.975790023803825],[79.83537292480469,10.976621627807617],[79.83445739746111,10.97681999206543],[79.82491302490251,10.9847993850708],[79.80979919433588,10.982050895690861],[79.80256652832031,10.984881401062125],[79.7964477539062,10.983069419860954],[79.78962707519548,10.973381042480582],[79.77435302734392,10.97724246978754],[79.76051330566412,10.98058128356945]]],[[[79.7058486938476,11.97737026214611],[79.69155883789062,12.017440795898551],[79.66890716552751,12.007291793823356],[79.65930938720697,11.996891021728743],[79.65236663818365,11.998300552368164],[79.64701080322271,11.99332141876232],[79.64420318603544,11.973210334777832],[79.69905090332031,11.97205924987793],[79.67819976806635,11.936532020568904],[79.72489929199247,11.891510009765852],[79.69153594970732,11.878400802612305],[79.68286132812506,11.904708862304801],[79.65907287597668,11.865669250488281],[79.6957321166995,11.87337970733654],[79.72776031494169,11.832339286804142],[79.74980926513678,11.860529899597282],[79.7521362304688,11.82445144653326],[79.78176116943354,11.840270996093864],[79.80041503906278,11.808399200439453],[79.81958007812517,11.874308586120549],[79.79069519042997,11.878748893737793],[79.82375335693376,11.881810188293457],[79.83763885498075,11.94054985046398],[79.82540130615263,11.940149307250977],[79.80458831787115,11.963141441345215],[79.7979125976563,11.963521957397461],[79.79242706298857,11.957051277160872],[79.79030609130888,11.942550659179688],[79.77575683593756,11.946010589599723],[79.77272033691412,11.946790695190487],[79.76937866210938,11.941451072693098],[79.76420593261747,11.934590339660758],[79.74751281738287,11.915161132812727],[79.74053955078153,11.907160758972168],[79.73361206054693,11.947210311889762],[79.71570587158209,11.967451095580998],[79.7179031372072,11.968871116638184],[79.72692108154303,11.962491989135685],[79.74513244628935,11.970850944519043],[79.75244140625017,11.976129531860295],[79.72885894775396,11.986021041870117],[79.72493743896484,11.977901458740178],[79.71695709228533,11.97544193267828],[79.7058486938476,11.97737026214611]]],[[[75.37838745117193,12.146030426025447],[75.37201690673845,12.146470069885254],[75.36669158935564,12.135379791259822],[75.34616088867193,12.13861179351801],[75.3251571655274,12.144890785217399],[75.32064056396513,12.143521308898926],[75.31115722656267,12.13646030426031],[75.30985260009783,12.132049560546932],[75.28392791748053,12.114981651306152],[75.27781677246094,12.101770401001033],[75.26602172851568,12.103660583496207],[75.25588989257818,12.10857963562023],[75.2473907470706,12.103691101074162],[75.240531921387,12.109260559082031],[75.2366027832033,12.110230445861816],[75.22367095947271,12.054471015930176],[75.22735595703153,12.044301033019963],[75.23069763183611,12.024140357971305],[75.3020858764649,11.948470115661621],[75.30458068847662,11.952361106872672],[75.28208160400402,11.986809730529785],[75.26347351074236,12.002917289733887],[75.26264190673857,12.01208305358881],[75.27097320556646,12.029582023620605],[75.29596710205084,12.017642021179256],[75.31166839599638,12.04930591583252],[75.30480957031278,12.052921295166016],[75.3006668090822,12.058020591735897],[75.29737091064482,12.063651084899902],[75.3147583007812,12.087609291076888],[75.30906677246111,12.102661132812557],[75.31962585449224,12.106651306152571],[75.32998657226591,12.102589607238826],[75.33598327636736,12.098640441894759],[75.35193634033232,12.10885143280035],[75.36853790283197,12.121260643005371],[75.37930297851568,12.122139930725154],[75.38228607177734,12.129120826721191],[75.39215087890653,12.12634086608881],[75.40217590332031,12.134140014648494],[75.39982604980463,12.140501022338867],[75.38852691650419,12.146291732788143],[75.37838745117193,12.146030426025447]]],[[[82.29951477050798,16.71433258056635],[82.29370117187528,16.74304008483898],[82.2204208374024,16.718309402465877],[82.2176818847658,16.7516899108889],[82.17463684082037,16.72510910034174],[82.2576370239259,16.69011306762718],[82.24569702148455,16.71681022644043],[82.29938507080084,16.71402931213379],[82.29951477050798,16.71433258056635]]]]},"properties":{"ID_0":105,"ISO":"IND","NAME_0":"India","ID_1":27,"NAME_1":"Puducherry"}},
{"type":"Feature","geometry":{"type":"Polygon","coordinates":[[[76.76985931396513,30.906391143798942],[76.61006927490251,31.004230499267692],[76.62573242187517,31.11024284362793],[76.5893173217774,31.12770080566429],[76.5903930664062,31.18285942077631],[76.62594604492193,31.227090835571346],[76.5806121826173,31.21635246276861],[76.601615905762,31.25090980529785],[76.5705032348634,31.280149459838867],[76.53495025634766,31.255350112915266],[76.5371704101562,31.283950805664176],[76.51811218261719,31.262310028076286],[76.46671295166021,31.310211181640682],[76.43113708496094,31.282840728759822],[76.44827270507841,31.30599021911644],[76.36313629150396,31.44135093688982],[76.31584167480474,31.40237808227539],[76.33666229248058,31.353019714355753],[76.29609680175781,31.31920051574707],[76.17282867431669,31.306739807129077],[76.13503265380865,31.361759185791016],[76.15349578857428,31.414012908935547],[75.9218292236331,31.817180633545036],[75.97146606445312,31.81454849243164],[75.89454650878935,31.949800491333235],[75.68981933593756,32.06153106689476],[75.57875823974626,32.08168029785156],[75.6618270874024,32.16466903686535],[75.62021636962896,32.185169219970874],[75.62254333496105,32.23468017578125],[75.73639678955084,32.27376174926769],[75.8438796997072,32.37931060791021],[75.9321670532226,32.41682052612316],[75.85096740722673,32.507869720458984],[75.872543334961,32.57619094848633],[75.71153259277361,32.41815948486328],[75.52921295166021,32.34888076782249],[75.50123596191418,32.27605056762707],[75.47223663330084,32.34004974365246],[75.32232666015636,32.337326049804915],[75.36315155029308,32.23468017578125],[75.31420135498047,32.214908599853516],[75.31423187255876,32.15918731689476],[75.23916625976574,32.08715057373058],[75.19532012939482,32.11664962768549],[75.16445159912104,32.067970275878906],[75.11625671386736,32.08280944824219],[75.00492858886724,32.028755187988395],[74.92592620849615,32.065650939941406],[74.87242889404325,32.05052947998058],[74.80914306640642,31.955139160156364],[74.73591613769548,31.937389373779297],[74.70919799804705,31.957948684692383],[74.7032623291015,31.92489814758312],[74.60028076171875,31.886020660400504],[74.55638122558622,31.828821182250977],[74.51728057861357,31.72291183471691],[74.60090637207037,31.5678386688233],[74.56579589843767,31.501728057861328],[74.64206695556658,31.459960937500227],[74.51111602783209,31.272331237793082],[74.50459289550787,31.13850975036644],[74.55193328857428,31.08562088012701],[74.59279632568388,31.087408065796126],[74.5923690795899,31.133350372314567],[74.62145996093767,31.13703155517601],[74.67732238769526,31.13060951232933],[74.69442749023449,31.095439910888786],[74.62251281738287,31.047021865844727],[74.55839538574224,31.06752586364746],[74.5381164550783,30.99354171752941],[74.36552429199236,30.885406494140796],[74.36300659179688,30.845806121826172],[74.316146850586,30.847581863403434],[74.26220703125006,30.768030166626033],[74.28180694580084,30.73023414611822],[74.09099578857416,30.612791061401367],[74.07761383056669,30.529361724853516],[74.03401184082048,30.53626060485834],[73.935287475586,30.462957382202205],[73.87125396728544,30.368572235107422],[73.95784759521513,30.26169013977062],[73.9663162231447,30.195049285888672],[73.9666519165039,30.12118911743164],[73.89480590820318,30.046850204467773],[73.89118194580084,29.970069885254077],[74.51906585693376,29.943349838256893],[74.64697265625028,29.904670715332088],[74.69078826904303,29.96927070617687],[74.80117797851568,29.992572784423942],[74.88149261474615,29.968349456787223],[74.88523864746094,29.939109802246207],[74.91573333740229,29.94915962219244],[74.9899291992187,29.85646057128912],[75.06548309326172,29.879039764404524],[75.0848007202149,29.915140151977482],[75.09017944335943,29.806661605835075],[75.15405273437506,29.78101921081543],[75.18234252929716,29.838701248169116],[75.23097991943388,29.75206756591797],[75.15783691406267,29.662710189819336],[75.2212371826173,29.60655021667486],[75.22348022460943,29.546171188354492],[75.29606628417963,29.56808090209961],[75.2805633544923,29.610109329223746],[75.31772613525396,29.6707000732423],[75.35044860839861,29.659280776977766],[75.33535003662104,29.693849563598746],[75.44426727294916,29.807849884033374],[75.56878662109403,29.74262046813959],[75.62535858154303,29.77322959899925],[75.6974487304688,29.755210876464957],[75.70593261718778,29.80862045288086],[75.77162170410173,29.825389862060547],[75.82901763916033,29.81232070922863],[75.87928009033214,29.7470703125],[76.03565216064459,29.746681213378906],[76.07766723632841,29.805772781372127],[76.1163864135745,29.796400070190373],[76.24201202392584,29.869028091430835],[76.16629028320318,29.9286594390872],[76.20387268066412,29.94412040710455],[76.19091796875006,30.016412734985295],[76.25499725341803,30.104579925537053],[76.1906127929687,30.134960174560717],[76.20387268066412,30.158901214599723],[76.32289886474615,30.108221054077262],[76.34892272949213,30.127660751342887],[76.32588195800798,30.14924049377447],[76.39000701904303,30.12754058837902],[76.38099670410173,30.18324089050293],[76.41020202636736,30.202289581299],[76.45208740234403,30.100709915161246],[76.60105133056669,30.08023071289074],[76.63891601562506,30.205940246582315],[76.58399963378912,30.25653076171875],[76.5325317382813,30.227130889892805],[76.54763793945341,30.26492118835455],[76.71515655517595,30.332910537719727],[76.73853302001964,30.35964965820324],[76.70014953613287,30.393611907958984],[76.75786590576172,30.438890457153263],[76.80845642089861,30.411859512329272],[76.83245849609392,30.433881759643555],[76.88022613525396,30.35970115661621],[76.92729949951178,30.388639450073185],[76.8888473510745,30.44111061096197],[76.91342926025396,30.599702835083008],[76.85858154296875,30.6406307220459],[76.86222839355486,30.67927169799799],[76.83479309082037,30.65582084655773],[76.81980895996122,30.68582916259794],[76.81050872802734,30.684951782226562],[76.80591583251947,30.680259704589957],[76.7943725585938,30.66931915283203],[76.73847961425787,30.68915176391613],[76.7328872680664,30.697160720825195],[76.72458648681646,30.703790664672965],[76.72690582275402,30.70755004882824],[76.71520233154303,30.713300704956055],[76.71533966064453,30.714979171752873],[76.70992279052746,30.73548126220703],[76.6929321289063,30.75739097595215],[76.69062805175787,30.760080337524528],[76.71832275390636,30.769092559814567],[76.72924041748041,30.7762508392334],[76.73515319824213,30.783000946045036],[76.73822021484375,30.789850234985295],[76.739990234375,30.791080474853516],[76.74575042724615,30.794637680053768],[76.75092315673834,30.796848297119197],[76.7676010131836,30.79511833190918],[76.77629089355474,30.784040451049805],[76.7726669311524,30.783081054687614],[76.78093719482416,30.773870468139762],[76.796127319336,30.785770416259822],[76.80216979980469,30.781829833984375],[76.80345153808594,30.77760124206543],[76.79313659667963,30.766519546508903],[76.82818603515636,30.763790130615234],[76.84678649902361,30.792520523071232],[76.76985931396513,30.906391143798942]]]},"properties":{"ID_0":105,"ISO":"IND","NAME_0":"India","ID_1":28,"NAME_1":"Punjab"}},
{"type":"Feature","geometry":{"type":"Polygon","coordinates":[[[74.51906585693376,29.943349838256893],[73.89118194580084,29.970069885254077],[73.89480590820318,30.046850204467773],[73.9666519165039,30.12118911743164],[73.9663162231447,30.195049285888672],[73.78721618652361,30.0664005279541],[73.39137268066435,29.93787002563488],[73.27131652832037,29.55696105957037],[72.94171905517584,29.027200698852596],[72.38469696044922,28.763940811157283],[72.30195617675798,28.66481590270996],[72.1844253540039,28.358005523681925],[71.9332580566408,28.126859664917106],[71.89737701416016,27.957420349121094],[71.6582870483399,27.868930816650504],[71.27295684814453,27.84192848205572],[70.8841705322265,27.69840049743658],[70.75766754150402,27.7172088623048],[70.67841339111345,27.839052200317383],[70.67210388183611,27.91431808471691],[70.5626296997072,28.019802093505973],[70.36616516113298,28.00824928283697],[70.15695190429705,27.83404922485363],[70.01626586914068,27.55599594116211],[69.578125,27.165489196777344],[69.51320648193376,27.016868591308537],[69.48373413085943,26.806230545044002],[69.50765228271484,26.74845123291027],[69.81536102294922,26.592157363891545],[70.06619262695318,26.599290847778377],[70.16773986816435,26.550743103027344],[70.1726684570313,26.245077133178825],[70.08257293701189,26.0738582611084],[70.09607696533203,25.944316864013672],[70.27961730957037,25.701259613037223],[70.39965820312511,25.6637992858889],[70.66596221923857,25.69722938537592],[70.67417144775385,25.3893203735351],[70.89430999755876,25.144058227539062],[70.94548797607428,24.934541702270508],[71.10713958740229,24.68065071105957],[71.17164611816423,24.648860931396484],[71.20732879638689,24.639549255371037],[71.24154663085943,24.626609802246094],[71.26095581054693,24.620531082153263],[71.2977371215822,24.607641220092717],[71.35103607177746,24.653219223022575],[71.38305664062506,24.621681213378906],[71.5369720458985,24.678920745849723],[71.66156005859386,24.63326072692871],[71.79898834228533,24.670520782470817],[71.81176757812517,24.621820449829215],[71.85839080810558,24.60416984558117],[71.87647247314459,24.675159454345703],[71.94419097900396,24.626779556274528],[72.052490234375,24.705789566039982],[72.08525085449219,24.697008132934513],[72.08489990234392,24.652751922607536],[72.16539764404314,24.61450004577648],[72.35378265380854,24.61810111999523],[72.2509994506836,24.580160140991325],[72.29512023925787,24.53844070434576],[72.35793304443371,24.552511215210075],[72.38632202148443,24.500511169433537],[72.44248962402344,24.504249572753963],[72.46467590332037,24.40711975097662],[72.50771331787104,24.409931182861385],[72.54457855224626,24.506851196289062],[72.69725036621105,24.45721054077171],[72.73253631591808,24.361270904541243],[72.86811828613287,24.36581039428711],[72.92391204833984,24.326322555541935],[72.9914627075197,24.363971710205135],[72.96327972412115,24.383739471435547],[73.00034332275419,24.470630645752067],[73.09438323974638,24.49472808837902],[73.08496093750006,24.39447021484375],[73.16996765136736,24.3506698608399],[73.23147583007818,24.364660263061467],[73.18062591552729,24.301490783691463],[73.1449584960937,24.30785751342779],[73.08268737792974,24.184980392455998],[73.11416625976568,24.13858985900879],[73.2238159179688,24.098220825195426],[73.19893646240229,24.051460266113395],[73.24582672119169,24.010709762573242],[73.37346649169922,24.12813949584961],[73.42468261718756,23.931060791015682],[73.36207580566406,23.861869812011832],[73.3626480102539,23.78742980957037],[73.42048645019537,23.779331207275447],[73.50853729248064,23.70333099365257],[73.51348876953142,23.616811752319336],[73.57727050781256,23.655361175537337],[73.66073608398455,23.62290191650402],[73.6327514648438,23.452392578125114],[73.70421600341814,23.455781936645565],[73.72614288330078,23.412662506103516],[73.76471710205078,23.45857810974144],[73.7830657958985,23.434610366821346],[73.83213043212919,23.446750640869254],[73.894271850586,23.337139129638672],[73.97103118896479,23.377138137817383],[74.04447174072266,23.296091079711914],[74.13378143310564,23.269451141357422],[74.12702178955107,23.178850173950252],[74.1829910278322,23.152219772338867],[74.20754241943354,23.192050933837947],[74.24603271484403,23.188259124756087],[74.32277679443376,23.062690734863395],[74.3911895751956,23.11199951171875],[74.51228332519543,23.088830947876204],[74.66915893554705,23.201490402221737],[74.74569702148443,23.21211051940918],[74.74579620361322,23.232709884643555],[74.69500732421886,23.223079681396484],[74.72215270996094,23.24251174926752],[74.70114898681669,23.272142410278377],[74.55346679687506,23.282520294189567],[74.51830291748064,23.3287296295166],[74.61338043212919,23.46136093139654],[74.84542083740234,23.554170608520508],[74.93972015380871,23.630371093749943],[74.90762329101568,23.682830810546818],[74.94056701660173,23.734870910644645],[74.90567779541033,23.87391090393072],[74.99298858642572,24.029701232910213],[74.88112640380865,24.213502883911076],[74.89428710937506,24.261680603027457],[74.75280761718778,24.28265953063965],[74.85813140869135,24.467332839965934],[74.71193695068365,24.510940551757926],[74.81710815429716,24.67167091369629],[74.77527618408209,24.68773078918457],[74.79931640625006,24.79564094543457],[74.89285278320307,24.655349731445426],[74.94285583496111,24.660390853882063],[75.02023315429716,24.752767562866325],[75.00705718994169,24.79606056213379],[74.85856628417986,24.813060760498047],[74.84889221191412,24.792659759521484],[74.82360839843744,24.928501129150447],[74.84635162353533,24.974290847778434],[74.92008209228544,24.891849517822266],[75.04338836669939,24.859228134155217],[75.11886596679682,24.889039993286246],[75.115707397461,24.965391159057674],[75.16439819335949,24.991661071777344],[75.15912628173828,25.04547119140625],[75.34558868408209,25.042800903320312],[75.31387329101568,24.900440216064453],[75.27590179443376,24.9767303466798],[75.29308319091803,24.923179626464787],[75.26145172119146,24.88965988159191],[75.31130218505888,24.869459152221737],[75.42421722412138,24.8927516937257],[75.4170989990235,24.863901138305607],[75.3057327270509,24.813329696655273],[75.2789382934572,24.853490829467887],[75.22738647460966,24.859149932861442],[75.24994659423845,24.895690917968864],[75.20819091796892,24.909999847412166],[75.20131683349626,24.884201049804744],[75.2277374267581,24.847759246826172],[75.25192260742193,24.837169647216854],[75.18551635742193,24.76805114746105],[75.2169494628908,24.722410202026424],[75.45189666748041,24.693218231201286],[75.58190155029303,24.722700119018555],[75.61332702636724,24.688421249389705],[75.75968170166027,24.764799118042106],[75.8387527465822,24.72986984252924],[75.82814788818365,24.613349914550838],[75.91739654541021,24.57147979736328],[75.92504119873053,24.533399581909293],[75.8910522460938,24.509588241577262],[75.9089965820313,24.456140518188477],[75.84725189209013,24.418970108032227],[75.79113006591803,24.47520256042486],[75.72688293457043,24.40527915954584],[75.73792266845709,24.347970962524357],[75.81120300292997,24.303449630737305],[75.82688140869135,24.246410369873047],[75.77350616455095,24.22089195251465],[75.74349212646513,24.13960075378418],[75.83579254150402,24.111351013183707],[75.8337631225586,24.075429916381893],[75.77961730957048,24.062080383300838],[75.76203918457031,23.997951507568416],[75.70040893554716,23.96906089782709],[75.6691970825197,24.03354263305664],[75.58383941650419,23.991920471191634],[75.51438140869146,24.048732757568473],[75.45649719238298,23.920740127563477],[75.56062316894531,23.85995101928711],[75.58252716064482,23.800359725952205],[75.65183258056658,23.80194854736351],[75.68447875976568,23.760568618774414],[75.68740081787121,23.81925010681175],[75.71784973144537,23.819032669067496],[75.7291107177735,23.85820960998535],[75.7023315429687,23.904050827026367],[75.77706146240263,23.853870391845703],[75.97582244873075,23.932939529418945],[75.96018218994169,24.025369644165096],[76.1346969604495,24.095289230346793],[76.12132263183605,24.19639015197754],[76.18548583984392,24.331510543823242],[76.21556854248075,24.216808319091797],[76.28277587890642,24.21571159362793],[76.32689666748053,24.253618240356445],[76.41443634033209,24.20742034912115],[76.46994781494146,24.231399536132812],[76.53143310546903,24.16346931457531],[76.57972717285156,24.180679321289062],[76.58802032470709,24.24955940246582],[76.69296264648466,24.28504943847662],[76.67420959472662,24.193429946899528],[76.70114135742193,24.171440124511832],[76.75499725341791,24.17209053039562],[76.80111694335966,24.120340347290096],[76.89994049072294,24.13111114501953],[76.94444274902361,24.206291198730526],[76.84017944335943,24.338720321655217],[76.85132598876953,24.469108581543026],[76.81459045410162,24.53437042236351],[76.91287231445324,24.54356956481928],[76.9146499633789,24.487659454345703],[76.96531677246105,24.460861206054688],[77.06469726562511,24.569910049438533],[77.02665710449236,24.71092033386236],[76.95173645019537,24.765460968017635],[76.84729766845732,24.750400543212947],[76.80158233642595,24.819839477539062],[76.9489212036134,24.872869491577376],[76.89122772216814,24.91967964172369],[76.85434722900419,25.010311126708984],[76.99372863769537,25.079950332641715],[77.11445617675787,25.069089889526367],[77.16957855224615,25.113719940185774],[77.26226043701178,25.119260787963867],[77.30285644531256,25.08386993408226],[77.39852905273432,25.11327171325695],[77.39070892333979,25.18819046020502],[77.41799163818354,25.193029403686523],[77.349662780762,25.271770477294922],[77.37178802490263,25.320220947265682],[77.33641815185547,25.325580596923828],[77.361343383789,25.41296005249029],[77.28298187255876,25.423589706421012],[77.22026062011719,25.37342834472662],[77.20514678955078,25.311429977417106],[77.0754699707033,25.33969116210949],[76.94182586669928,25.275360107421932],[76.89322662353527,25.32240104675293],[76.77009582519548,25.312191009521484],[76.76673126220709,25.336231231689453],[76.60254669189464,25.388980865478572],[76.56427764892578,25.442401885986442],[76.48239135742216,25.718130111694336],[76.53061676025396,25.733970642089957],[76.52931213378935,25.79797172546398],[76.59272766113298,25.874168395996037],[76.62660217285185,25.870870590210075],[76.6461257934572,25.90885162353527],[76.73332977294928,25.902549743652457],[76.80631256103516,25.95297813415533],[76.88777923584001,26.093322753906193],[77.0916824340822,26.1908798217774],[77.12403106689482,26.23795127868658],[77.203109741211,26.237400054931754],[77.33467102050798,26.357231140136776],[77.43242645263683,26.364999771118164],[77.42771911621088,26.40690994262718],[77.5228805541995,26.414911270141715],[77.74434661865234,26.545249938964844],[77.81299591064447,26.554809570312557],[77.82041168212919,26.599838256836165],[77.87938690185547,26.62029075622553],[77.8945770263673,26.66221046447754],[77.99221801757818,26.70264053344721],[78.08573913574247,26.68305015563965],[78.09983062744169,26.79700851440441],[78.17611694335966,26.791492462158317],[78.16094970703142,26.827039718627873],[78.20979309082031,26.836090087890625],[78.19113922119146,26.888610839843977],[78.2265701293947,26.88262939453125],[78.2622375488283,26.923511505126896],[78.21589660644531,26.95395088195812],[78.11134338378923,26.953231811523438],[78.10147094726568,26.904989242553768],[78.04223632812528,26.915420532226562],[78.022026062012,26.860870361328125],[78.00666046142578,26.91066169738798],[77.89994049072294,26.92454910278326],[77.89010620117205,26.889459609985465],[77.7533798217774,26.937738418579215],[77.71584320068365,26.88133049011236],[77.60450744628935,26.83280181884777],[77.5206909179688,26.82200813293457],[77.49797821044928,26.847949981689567],[77.49334716796875,26.766990661621378],[77.44831085205072,26.7467498779298],[77.4224700927735,26.867019653320312],[77.73634338378906,26.988220214843864],[77.75501251220697,27.02276039123541],[77.70358276367188,27.000310897827205],[77.67331695556646,27.0515594482423],[77.62740325927763,27.015501022338867],[77.55739593505888,27.036899566650618],[77.56568145751953,27.07801055908226],[77.52136993408197,27.067222595214787],[77.49841308593756,27.095190048217887],[77.59078216552763,27.12308120727539],[77.60511779785156,27.168479919433707],[77.67299652099604,27.200361251831225],[77.59166717529303,27.30055809021019],[77.61411285400408,27.3433895111084],[77.57454681396513,27.326730728149414],[77.43189239501982,27.399158477783317],[77.42959594726591,27.4620494842531],[77.33513641357428,27.530021667480526],[77.35011291503923,27.593400955200252],[77.31121063232439,27.611690521240234],[77.33654785156244,27.696180343628043],[77.29760742187528,27.718681335449446],[77.30414581298845,27.78800964355463],[77.27577972412115,27.806549072265625],[77.23174285888678,27.785800933838175],[77.19384765625028,27.821939468383846],[77.16870117187494,27.784900665283203],[77.18065643310558,27.808652877807674],[77.15061950683611,27.815559387207088],[77.12652587890653,27.776460647583008],[77.03827667236345,27.820041656494197],[77.02066802978544,27.77812004089361],[77.07921600341825,27.738410949707145],[76.99353790283209,27.741701126098746],[76.97049713134794,27.65714263916027],[76.9026260375976,27.658519744873274],[76.88092041015642,27.69936943054222],[76.91456604003912,27.700820922851676],[76.88407897949247,27.730909347534293],[76.92664337158232,27.83422088623064],[76.91864776611322,27.997610092163086],[76.96176147460938,28.144010543823356],[76.85048675537115,28.22666931152355],[76.80136871337908,28.211601257324332],[76.79148864746094,28.157241821289176],[76.65122985839838,28.096759796142578],[76.66007232666016,28.01905059814453],[76.53819274902344,27.97054100036621],[76.53852081298828,28.039119720458928],[76.45372772216803,28.049669265747298],[76.49765777587919,28.06473159790039],[76.4485702514649,28.09317016601591],[76.49780273437506,28.106620788574276],[76.47099304199213,28.154741287231502],[76.3767700195312,28.138071060180664],[76.33590698242216,28.177341461181754],[76.27906799316435,28.178720474243164],[76.35560607910156,28.128450393676815],[76.29740142822294,28.10104942321783],[76.35459899902372,28.07420158386242],[76.3412628173831,28.03605079650879],[76.29715728759771,28.025960922241325],[76.25109863281267,28.070920944214095],[76.17733764648443,28.059259414672965],[76.21382904052746,28.03168106079096],[76.1538696289063,27.992530822754077],[76.22328186035173,27.840930938720817],[76.17292022705095,27.807460784912166],[76.08806610107428,27.868448257446346],[75.96308135986328,27.864730834960938],[75.97738647460938,27.909259796142578],[75.92362213134783,27.933090209960994],[75.96317291259771,27.936950683593864],[75.96998596191423,28.030948638916016],[76.035629272461,28.073980331421126],[76.01564788818371,28.088851928711108],[75.98455047607428,28.050741195678825],[75.93608856201178,28.093530654907454],[76.02774810791033,28.172721862792912],[76.09288787841803,28.155218124389705],[75.92237854003918,28.368909835815543],[75.77031707763678,28.407619476318303],[75.77822875976591,28.457611083984432],[75.62909698486328,28.545970916748104],[75.6180496215822,28.602209091186467],[75.55570983886736,28.614591598511026],[75.46707916259771,28.926250457763672],[75.51110076904303,29.010829925537337],[75.43473815917969,29.016540527343693],[75.4302597045899,29.06472015380865],[75.38065338134771,29.070320129394474],[75.39620971679688,29.128440856933707],[75.36115264892595,29.14262008667015],[75.40065002441406,29.18890953063959],[75.39570617675787,29.261940002441463],[75.31492614746122,29.235960006713924],[75.31926727294928,29.293439865112248],[75.22345733642578,29.234951019287166],[75.1799926757813,29.268619537353516],[75.07807922363298,29.232450485229663],[75.0399169921875,29.287149429321516],[74.95310974121122,29.28194046020502],[74.92714691162138,29.364639282226562],[74.84113311767607,29.404069900512923],[74.75663757324247,29.355960845947266],[74.65017700195324,29.37236976623535],[74.64182281494169,29.331199645996207],[74.59577941894537,29.328311920166016],[74.529106140137,29.449539184570312],[74.57891082763672,29.45862007141136],[74.61440277099626,29.527111053466854],[74.5665359497072,29.56349945068365],[74.6054000854495,29.752880096435547],[74.47200012207037,29.744029998779354],[74.46526336669939,29.787549972534407],[74.55356597900408,29.865640640259016],[74.50502777099621,29.907760620117415],[74.51906585693376,29.943349838256893]]]},"properties":{"ID_0":105,"ISO":"IND","NAME_0":"India","ID_1":29,"NAME_1":"Rajasthan"}},
{"type":"Feature","geometry":{"type":"Polygon","coordinates":[[[88.75168609619158,27.148210525512695],[88.80110168457048,27.247579574585075],[88.89920806884771,27.274972915649528],[88.92237091064453,27.326320648193644],[88.80932617187506,27.40518951416044],[88.76706695556669,27.5649604797365],[88.8466110229495,27.66889953613304],[88.8857421875,27.861337661743164],[88.83625030517584,27.93200111389166],[88.8329010009765,28.011539459228743],[88.75108337402344,28.07331275939964],[88.66677093505854,28.074079513549975],[88.62123870849626,28.130968093872184],[88.53894805908232,28.03889083862316],[88.48311614990251,28.04558753967285],[88.38980102539091,27.978080749511946],[88.12390899658232,27.95092010498064],[88.12998199462902,27.881515502929688],[88.19891357421892,27.853515625000227],[88.1757202148438,27.820215225219954],[88.19992065429693,27.790529251098746],[88.04633331298845,27.49576568603527],[88.08261871337896,27.426414489746094],[88.04941558837908,27.405216217041243],[88.06921386718767,27.33558082580595],[88.01696777343767,27.21887207031267],[88.07495117187517,27.200839996337834],[88.0858459472658,27.141510009765682],[88.13662719726568,27.116878509521598],[88.2781372070313,27.130830764770508],[88.2998886108399,27.127998352050838],[88.30449676513678,27.128601074218864],[88.32048797607428,27.116640090942496],[88.34516143798857,27.106901168823413],[88.3523025512697,27.101070404052848],[88.37065124511724,27.099412918091048],[88.41100311279297,27.090700149536246],[88.43194580078153,27.081609725952205],[88.55899047851591,27.188751220703125],[88.75168609619158,27.148210525512695]]]},"properties":{"ID_0":105,"ISO":"IND","NAME_0":"India","ID_1":30,"NAME_1":"Sikkim"}},
{"type":"Feature","geometry":{"type":"MultiPolygon","coordinates":[[[[79.31236267089838,9.328472137451172],[79.2204132080081,9.292082786560059],[79.21458435058594,9.254028320312727],[79.29875946044928,9.246809959411735],[79.43985748291021,9.158194541931152],[79.32597351074219,9.261804580688647],[79.31236267089838,9.328472137451172]]],[[[80.07582092285168,13.526760101318416],[80.06944274902361,13.537590980529842],[79.98967742919922,13.526760101318416],[80.0360412597658,13.484479904175032],[79.96186065673845,13.451279640197754],[79.92550659179693,13.33594036102295],[79.72129058837919,13.272239685058821],[79.784896850586,13.223480224609489],[79.74437713623041,13.194911003112907],[79.72283172607416,13.221851348877067],[79.68875122070312,13.207409858703556],[79.66853332519531,13.281930923461914],[79.5802612304688,13.245370864868221],[79.53578186035156,13.311070442199934],[79.42887878417997,13.32356166839611],[79.37460327148455,13.303039550781193],[79.42502593994146,13.281340599060115],[79.41084289550798,13.212162017822266],[79.44550323486322,13.216771125793457],[79.42378997802751,13.187460899353027],[79.34777069091803,13.163019180297908],[79.35457611084001,13.12977123260498],[79.3079376220706,13.09691143035883],[79.26741027832048,13.141201019287053],[79.21832275390653,13.135551452636832],[79.15270233154325,13.007292747497615],[79.06906890869146,13.014150619506893],[78.97959136962908,13.076510429382267],[78.91438293457037,13.067761421203727],[78.89346313476574,13.035092353820858],[78.92463684082048,13.01864147186285],[78.88191986084001,13.019762039184627],[78.8760375976563,13.086159706115836],[78.70244598388689,13.056151390075797],[78.69375610351574,13.004391670227108],[78.65110778808594,13.0179319381715],[78.61366271972685,12.978890419006404],[78.64671325683594,12.919019699096793],[78.54554748535162,12.74391078948986],[78.54767608642607,12.685590744018555],[78.48435211181669,12.734781265258846],[78.50981140136736,12.69878005981451],[78.45765686035185,12.662249565124512],[78.45478057861357,12.612019538879451],[78.36833953857428,12.611840248107853],[78.26442718505888,12.691840171814079],[78.18984985351591,12.68130970001232],[78.22722625732433,12.715171813964957],[78.22064971923845,12.752590179443416],[78.12066650390625,12.770011901855526],[78.04673004150396,12.842370033264217],[78.01492309570318,12.845920562744254],[78.00148010253923,12.795439720153922],[77.94555664062494,12.849330902099723],[77.92479705810564,12.813720703125057],[77.91774749755876,12.878371238708553],[77.78488159179693,12.833809852600211],[77.79949188232439,12.786858558654842],[77.73140716552751,12.66397953033453],[77.59033966064459,12.657541275024641],[77.57005310058611,12.557931900024414],[77.60636901855474,12.499791145324707],[77.57536315917969,12.468379974365462],[77.6252059936524,12.477261543273869],[77.62008666992193,12.408479690551871],[77.54270935058622,12.283711433410645],[77.4701766967774,12.261870384216365],[77.46566772460932,12.202260971069279],[77.71951293945341,12.171520233154297],[77.76844787597662,12.10559177398693],[77.66471099853521,11.939700126648063],[77.48439788818376,11.932399749755916],[77.4192504882813,11.75067138671875],[77.24173736572294,11.802459716796932],[77.10282897949224,11.763119697570914],[77.10929870605474,11.712800979614258],[77.00443267822294,11.803019523620605],[76.95960235595714,11.765199661254883],[76.89968872070318,11.783271789550781],[76.82847595214861,11.644109725952262],[76.83728027343756,11.574480056762695],[76.74626922607439,11.610541343689022],[76.56006622314447,11.610120773315657],[76.50421142578142,11.698040962219295],[76.42346191406278,11.659320831298942],[76.42479705810575,11.62329006195074],[76.38006591796892,11.622419357299748],[76.35011291503923,11.58274173736578],[76.29789733886724,11.5643310546875],[76.2709732055664,11.59290885925293],[76.22574615478533,11.564439773559798],[76.2400970458985,11.459641456604004],[76.278060913086,11.474531173706112],[76.41039276123064,11.43359088897705],[76.44838714599615,11.381419181823844],[76.53820037841803,11.351590156555176],[76.54016876220714,11.292347908020076],[76.44638824462885,11.230461120605582],[76.45272064209001,11.180210113525504],[76.4876480102539,11.202790260315169],[76.62303924560564,11.18567085266119],[76.69696807861357,11.231330871582031],[76.72557830810575,11.208890914917106],[76.69117736816412,11.144510269165153],[76.73871612548834,11.121290206909237],[76.73709869384783,11.047510147094727],[76.79247283935553,11.04237270355236],[76.70652008056669,11.031351089477596],[76.64916229248064,10.924152374267578],[76.81755828857416,10.861801147461051],[76.89750671386736,10.770799636841048],[76.8555068969726,10.675271987915153],[76.87261962890636,10.629431724548454],[76.80499267578142,10.626340866088924],[76.82972717285185,10.585062026977653],[76.81967163085938,10.295240402221793],[76.9707870483399,10.208650588989258],[77.16295623779325,10.346281051635742],[77.22216033935564,10.340300559997672],[77.24652862548828,10.220609664917049],[77.2804489135745,10.20725154876709],[77.25978088378912,10.11908054351818],[77.18814086914091,10.095651626587028],[77.26142120361345,9.963721275329817],[77.20443725585943,9.894319534301758],[77.23398590087908,9.788519859313908],[77.15187072753935,9.606019973754996],[77.25501251220709,9.56499099731451],[77.30430603027338,9.593041419983024],[77.32478332519531,9.563199996948356],[77.3408966064456,9.595050811767521],[77.3505477905274,9.526291847229118],[77.39623260498075,9.496541976928711],[77.26682281494146,9.290880203247298],[77.25177764892584,9.1430406570434],[77.18208312988298,9.036500930786246],[77.13217926025396,9.011850357055721],[77.2415008544923,8.864782333373967],[77.21467590332031,8.775760650634993],[77.15531921386747,8.737560272216797],[77.26515960693371,8.5374498367309],[77.247543334961,8.501379966735897],[77.18649291992205,8.493371009826717],[77.20951843261713,8.437719345092717],[77.13481903076178,8.378529548645133],[77.159652709961,8.312500953674316],[77.0906982421875,8.297470092773494],[77.31597137451189,8.12097167968767],[77.55097198486345,8.076525688171444],[77.57569122314482,8.135695457458723],[77.74624633789057,8.177082061767862],[77.80403137207026,8.248195648193416],[78.06708526611345,8.370695114135799],[78.0654067993164,8.420420646667537],[78.13041687011736,8.497078895568961],[78.1387481689456,8.588750839233512],[78.12735748291033,8.638471603393782],[78.10180664062517,8.59236145019554],[78.13597106933611,8.592081069946403],[78.09652709960943,8.58125019073492],[78.10485839843767,8.651530265808105],[78.17069244384766,8.745141029357967],[78.23013305664057,8.748750686645508],[78.19847106933588,8.789031982421932],[78.15736389160162,8.771528244018555],[78.16874694824236,8.882081985473633],[78.260971069336,9.01875114440918],[78.48874664306669,9.150137901306096],[78.48401641845703,9.127919197082804],[78.57818603515653,9.1312513351441],[78.65735626220732,9.15764141082775],[78.6579132080081,9.192361831664982],[78.71847534179705,9.19013977050787],[78.8323593139649,9.243195533752498],[78.83264160156278,9.268760681152457],[78.83486175537115,9.24514198303251],[79.19040679931646,9.281531333923454],[79.06458282470732,9.299861907958984],[78.93930816650408,9.40625190734886],[78.898178100586,9.4801406860351],[78.9345779418947,9.607641220092887],[79.1551361083985,9.932360649108944],[79.26736450195312,10.037916183471737],[79.2290267944336,10.14431095123291],[79.29486083984392,10.260695457458723],[79.38569641113287,10.316809654236124],[79.51236724853521,10.309030532837141],[79.45597076416044,10.342082977294979],[79.5256958007813,10.318470954895076],[79.54514312744146,10.347920417785815],[79.58875274658203,10.332637786865405],[79.52652740478544,10.305416107177734],[79.73902893066435,10.277359962463436],[79.55124664306646,10.312358856201456],[79.61347198486334,10.317360877990723],[79.62985992431646,10.363195419311467],[79.63652801513678,10.31819057464594],[79.71041870117216,10.325151443481445],[79.73014068603516,10.3109712600708],[79.76125335693365,10.313195228576888],[79.77847290039074,10.302362442016658],[79.75708007812506,10.312083244323787],[79.78485870361345,10.280694961547795],[79.742919921875,10.275137901306152],[79.83569335937511,10.275416374206543],[79.87930297851568,10.296527862548942],[79.85124969482439,10.813771247863826],[79.83571624755888,10.811721801757812],[79.8133392333985,10.814081192016658],[79.81368255615234,10.81837177276617],[79.8132629394533,10.828740119934025],[79.80819702148443,10.831381797790755],[79.80307006835949,10.83368968963623],[79.79313659667974,10.83949089050293],[79.79228210449236,10.848831176757926],[79.80745697021496,10.852690696716309],[79.78956604003935,10.861750602722168],[79.81138610839861,10.864431381225529],[79.78486633300798,10.87355041503929],[79.77562713623075,10.87578105926525],[79.77005767822271,10.877981185913029],[79.77635955810553,10.881679534912166],[79.77317047119169,10.889560699462834],[79.76045227050798,10.88315200805664],[79.7541580200197,10.886659622192326],[79.74794769287121,10.895219802856559],[79.7429809570313,10.899360656738395],[79.72838592529314,10.902290344238281],[79.72590637207048,10.906901359558049],[79.72389984130865,10.908021926879826],[79.71958923339838,10.905791282653865],[79.72083282470709,10.910701751709098],[79.70863342285162,10.914155006408691],[79.70803833007818,10.915101051330566],[79.71042633056635,10.91913986206049],[79.7043762207033,10.921039581298771],[79.70767211914068,10.923411369323958],[79.72122955322271,10.935310363769531],[79.71555328369169,10.9382905960083],[79.70391845703153,10.947610855102766],[79.71546173095709,10.953289985656681],[79.7266921997072,10.952350616455078],[79.7400970458985,10.943650245666618],[79.7457275390625,10.94929027557373],[79.73992156982428,10.955780982971419],[79.74131011962919,10.963260650634766],[79.73951721191412,10.966090202331543],[79.73818969726568,10.969319343566838],[79.73163604736345,10.975291252136458],[79.73017883300787,10.985109329223633],[79.74305725097656,10.985060691833496],[79.76051330566412,10.98058128356945],[79.77435302734392,10.97724246978754],[79.78962707519548,10.973381042480582],[79.7964477539062,10.983069419860954],[79.80256652832031,10.984881401062125],[79.80979919433588,10.982050895690861],[79.82491302490251,10.9847993850708],[79.83445739746111,10.97681999206543],[79.83537292480469,10.976621627807617],[79.85058593750028,10.975790023803825],[79.84902954101568,11.235420227051065],[79.80458068847662,11.236251831054858],[79.8465423583985,11.244029998779524],[79.83790588378906,11.356810569763184],[79.81069183349615,11.370970726013411],[79.75708007812506,11.563750267028809],[79.80041503906278,11.808399200439453],[79.78176116943354,11.840270996093864],[79.7521362304688,11.82445144653326],[79.74980926513678,11.860529899597282],[79.72776031494169,11.832339286804142],[79.6957321166995,11.87337970733654],[79.65907287597668,11.865669250488281],[79.68286132812506,11.904708862304801],[79.69153594970732,11.878400802612305],[79.72489929199247,11.891510009765852],[79.67819976806635,11.936532020568904],[79.69905090332031,11.97205924987793],[79.64420318603544,11.973210334777832],[79.64701080322271,11.99332141876232],[79.65236663818365,11.998300552368164],[79.65930938720697,11.996891021728743],[79.66890716552751,12.007291793823356],[79.69155883789062,12.017440795898551],[79.7058486938476,11.97737026214611],[79.71695709228533,11.97544193267828],[79.72493743896484,11.977901458740178],[79.72885894775396,11.986021041870117],[79.75244140625017,11.976129531860295],[79.74513244628935,11.970850944519043],[79.72692108154303,11.962491989135685],[79.7179031372072,11.968871116638184],[79.71570587158209,11.967451095580998],[79.73361206054693,11.947210311889762],[79.74053955078153,11.907160758972168],[79.74751281738287,11.915161132812727],[79.76420593261747,11.934590339660758],[79.76937866210938,11.941451072693098],[79.77272033691412,11.946790695190487],[79.77575683593756,11.946010589599723],[79.79030609130888,11.942550659179688],[79.79242706298857,11.957051277160872],[79.7979125976563,11.963521957397461],[79.80458831787115,11.963141441345215],[79.82540130615263,11.940149307250977],[79.83763885498075,11.94054985046398],[80.00708007812517,12.254583358764648],[79.94458007812506,12.220141410827637],[80.00930786132807,12.256526947021598],[80.06318664550787,12.351250648498649],[80.01374816894548,12.322641372680721],[80.01708221435575,12.340419769287166],[80.05819702148455,12.36736202240013],[80.06402587890653,12.349860191345499],[80.0506973266601,12.325969696045036],[80.15708160400402,12.469861030578613],[80.18458557128935,12.574583053588867],[80.1648559570313,12.60374927520752],[80.18541717529314,12.57763862609869],[80.25458526611357,12.781806945800781],[80.24819183349615,12.80263996124279],[80.23180389404303,12.784860610961857],[80.23264312744169,12.846250534057674],[80.24791717529291,12.805151939392204],[80.26680755615229,13.013194084167424],[80.33374786376947,13.235139846801871],[80.30625152587919,13.215141296386719],[80.3448562622072,13.27319145202648],[80.32569122314482,13.443750381469954],[80.32903289794939,13.36653041839594],[80.3129959106447,13.42791557312006],[80.31212615966803,13.369380950927734],[80.27597045898438,13.389142036438102],[80.24090576171892,13.470150947571028],[80.1631469726563,13.47755241394043],[80.15650177001964,13.478889465331974],[80.15209960937506,13.478879928588867],[80.1506576538086,13.479981422424373],[80.14465332031256,13.484689712524414],[80.1354598999024,13.492180824280013],[80.13271331787104,13.495919227600098],[80.1208114624024,13.502360343933162],[80.10035705566406,13.505200386047363],[80.09565734863293,13.509840011596907],[80.08866882324219,13.525529861450195],[80.07943725585943,13.5293607711792],[80.07582092285168,13.526760101318416]]]]},"properties":{"ID_0":105,"ISO":"IND","NAME_0":"India","ID_1":31,"NAME_1":"Tamil Nadu"}},
{"type":"Feature","geometry":{"type":"Polygon","coordinates":[[[92.23099517822294,24.50409126281761],[92.16417694091803,24.52901077270502],[92.1727981567384,24.430891036987305],[92.1237182617188,24.387300491333008],[91.97409057617216,24.388639450073356],[91.99542999267607,24.32126045227045],[91.9571075439456,24.356250762939453],[91.92043304443365,24.335750579834098],[91.94185638427763,24.267578125000114],[91.90262603759783,24.137838363647575],[91.84748840332048,24.22832107543951],[91.81555938720714,24.2089519500733],[91.74346923828153,24.247127532958984],[91.74288177490246,24.140670776367244],[91.692398071289,24.159328460693473],[91.66752624511724,24.230400085449332],[91.63407897949236,24.102569580078182],[91.5451965332033,24.076120376587028],[91.37802124023466,24.109500885009993],[91.37819671630871,23.976879119873047],[91.30641174316406,23.998569488525504],[91.27626800537126,23.92624092102045],[91.23522186279297,23.928600311279297],[91.25760650634771,23.839651107788143],[91.22461700439459,23.740100860595817],[91.16166687011724,23.74266052246105],[91.15828704833996,23.691221237182617],[91.21006011962908,23.68755149841303],[91.19889068603521,23.646970748901367],[91.16127777099615,23.670600891113395],[91.16581726074236,23.602251052856445],[91.25377655029303,23.48971939086914],[91.29666900634783,23.35447120666504],[91.32560729980463,23.362310409546012],[91.29725646972656,23.32098007202154],[91.37767791748041,23.064050674438533],[91.4219970703125,23.059249877929744],[91.38883972167974,23.179460525512752],[91.4190063476563,23.280221939086857],[91.48597717285185,23.212240219116154],[91.47424316406267,23.188837051391715],[91.51093292236334,23.182039260864258],[91.56775665283209,22.97228813171381],[91.61196136474626,22.973350524902344],[91.61871337890636,22.944150924682674],[91.65213775634794,22.991950988769645],[91.72403717041044,22.98871040344244],[91.78504180908214,23.03170967102045],[91.77845764160173,23.066659927368164],[91.83550262451189,23.093910217285213],[91.77484893798845,23.27806091308605],[91.84735870361334,23.4002304077149],[91.97516632080084,23.482442855835018],[91.94230651855486,23.681808471679744],[91.96211242675781,23.727701187133732],[92.07067108154314,23.644649505615234],[92.16307830810558,23.739652633666992],[92.22405242919928,23.65732002258295],[92.26850128173834,23.728610992431868],[92.26634979248064,23.738727569580135],[92.26711273193376,23.76189994812023],[92.2623367309572,23.80488014221197],[92.26947784423834,23.817779541015852],[92.28076934814482,23.815130233764762],[92.28678894042969,23.81678009033203],[92.28344726562528,23.823438644409237],[92.28359985351568,23.82420158386236],[92.2820663452149,23.8309001922608],[92.27709197998053,23.83658027648937],[92.27413940429682,23.843610763549805],[92.28779602050787,23.866960525512695],[92.2939071655274,23.871322631835938],[92.29514312744158,23.870109558105582],[92.30063629150419,23.866439819335994],[92.30729675292997,23.863870620727482],[92.31957244873064,23.865200042724666],[92.31822204589861,23.86705017089855],[92.32198333740263,23.869810104370174],[92.32041168212896,23.878009796142692],[92.31710815429705,23.879180908203182],[92.31655883789068,23.88166809082054],[92.31932830810575,23.883678436279524],[92.31828308105474,23.88795852661127],[92.32157135009777,23.891399383544865],[92.32360076904297,23.904678344726562],[92.32985687255876,23.905519485473633],[92.33065795898438,23.921449661254996],[92.32116699218756,23.926111221313477],[92.31340026855497,23.934530258178825],[92.31262207031278,23.957450866699332],[92.3133392333985,23.9609699249267],[92.31262969970732,23.970211029052734],[92.3196411132813,23.97532081604004],[92.31716156005865,24.017629623413143],[92.31886291503912,24.019201278686637],[92.3217163085938,24.018779754638786],[92.31669616699236,24.027971267700195],[92.31932067871122,24.03128051757824],[92.31719970703153,24.037500381469727],[92.3152694702149,24.048690795898438],[92.3203201293947,24.051170349121094],[92.32174682617193,24.058719635009766],[92.31680297851574,24.066759109497127],[92.32971191406256,24.101150512695312],[92.33230590820307,24.1052703857423],[92.3293228149414,24.11033821105957],[92.33170318603544,24.11314010620123],[92.32824707031261,24.124591827392635],[92.32816314697283,24.135169982910213],[92.32924652099638,24.139850616455135],[92.33228302001982,24.144029617309684],[92.33529663085943,24.143550872802678],[92.33631134033197,24.144359588623047],[92.33435058593761,24.150829315185547],[92.3318481445313,24.163570404052678],[92.32993316650396,24.174650192260856],[92.32704162597662,24.186109542846793],[92.32945251464838,24.19115066528326],[92.31608581542997,24.213218688964957],[92.30974578857433,24.21479988098156],[92.30116271972668,24.224510192871037],[92.29763031005876,24.227228164672795],[92.29946899414091,24.23162078857422],[92.29631042480486,24.233829498291016],[92.29682159423857,24.23807907104498],[92.29485321044928,24.240709304809627],[92.2953033447265,24.24801063537592],[92.29660797119169,24.251729965209904],[92.21285247802746,24.24930953979515],[92.27249908447271,24.379350662231673],[92.23099517822294,24.50409126281761]]]},"properties":{"ID_0":105,"ISO":"IND","NAME_0":"India","ID_1":32,"NAME_1":"Tripura"}},
{"type":"Feature","geometry":{"type":"Polygon","coordinates":[[[79.7619705200197,28.88969039916998],[79.66619873046875,28.848329544067496],[79.6135482788086,28.86873054504406],[79.55092620849621,28.845891952514876],[79.5364532470706,28.892539978027628],[79.50724029541027,28.863300323486328],[79.41121673584001,28.8558807373048],[79.40143585205072,28.93226051330595],[79.35967254638666,28.970479965210075],[79.29892730712896,28.95311164855957],[79.20403289794916,29.029100418090877],[79.15827941894548,29.022878646850813],[79.13080596923828,29.129360198974553],[79.0269622802735,29.172269821167106],[79.01700592041021,29.117860794067326],[78.96232604980497,29.16681098937994],[78.90040588378923,29.15061950683588],[78.8526229858399,29.261310577392692],[78.79988098144531,29.257852554321403],[78.71385955810547,29.3173503875733],[78.7574081420899,29.349760055541992],[78.78884124755876,29.32928276062023],[78.80898284912138,29.382879257202262],[78.8701858520509,29.39236259460455],[78.92292785644548,29.456180572509993],[78.78550720214855,29.47603034973156],[78.60524749755865,29.56179809570324],[78.52735900878923,29.62436294555681],[78.48757934570324,29.741382598877067],[78.41256713867193,29.77242088317888],[78.33174133300793,29.796180725097884],[78.23139953613287,29.704090118408374],[78.13912200927763,29.67609977722185],[78.03688049316435,29.552629470825252],[77.988021850586,29.545860290527344],[77.98375701904314,29.588050842285213],[77.9472885131836,29.59043121337902],[77.97683715820307,29.614038467407283],[77.95198059082037,29.70536994934082],[77.79251861572271,29.681921005249137],[77.70201873779314,29.871780395507926],[77.78643798828136,30.0999698638916],[77.83853149414091,30.11227035522461],[77.93148040771501,30.246959686279354],[77.71077728271484,30.338760375976733],[77.6342163085938,30.410879135131893],[77.56305694580084,30.40448951721197],[77.5748901367188,30.384519577026424],[77.57035064697294,30.311229705810604],[77.42354583740251,30.16847991943382],[77.4144287109375,30.10713005065918],[77.27040863037126,30.048339843750057],[77.11704254150408,29.770900726318587],[77.143325805664,29.705970764160213],[77.0849075317384,29.53359031677246],[77.13938903808594,29.442100524902344],[77.12003326416044,29.349790573120174],[77.15394592285162,29.335479736328125],[77.12204742431646,29.10576820373558],[77.21418762207037,29.00596046447754],[77.19013977050787,28.95566177368164],[77.22119140625017,28.904132843017578],[77.18686676025408,28.866819381713867],[77.19348907470697,28.8653507232666],[77.21732330322294,28.835279464721793],[77.19444274902338,28.8022918701173],[77.19692230224604,28.795280456542912],[77.20845031738287,28.787189483642578],[77.21305084228521,28.78643989562994],[77.22467803955084,28.78762817382824],[77.22090911865246,28.777900695800895],[77.22904205322271,28.772438049316406],[77.24585723876959,28.757350921630916],[77.25319671630854,28.75279045104986],[77.25617218017584,28.73991966247553],[77.26637268066406,28.73928070068365],[77.27111816406244,28.738189697265682],[77.28365325927746,28.71898269653326],[77.29294586181646,28.709770202636776],[77.29563140869146,28.71303939819336],[77.31716156005865,28.717220306396484],[77.3216781616211,28.711830139160213],[77.3175659179688,28.671619415283203],[77.3278427124024,28.604881286621207],[77.3099212646485,28.598960876464957],[77.29490661621105,28.58242988586437],[77.29364776611328,28.579719543457145],[77.3030624389649,28.55045127868658],[77.31488800048834,28.54149055480957],[77.33051300048834,28.52410125732422],[77.33682250976568,28.515680313110465],[77.33773803710955,28.508970260620117],[77.47455596923834,28.413511276245174],[77.49423980712919,28.35826110839855],[77.46375274658232,28.33801078796398],[77.49578857421903,28.307041168213004],[77.46730041503912,28.269720077514762],[77.54120635986322,28.24774169921875],[77.51911926269548,28.201780319214095],[77.48912048339872,28.211990356445426],[77.49211883544928,28.18510055541998],[77.54236602783203,28.181659698486328],[77.49636840820341,28.159870147705078],[77.46887207031278,28.086011886596737],[77.53733825683605,27.95776939392107],[77.46872711181635,27.932910919189453],[77.45848846435547,27.885299682617188],[77.41229248046892,27.896158218383903],[77.41239166259771,27.859071731567383],[77.33933258056646,27.85959053039545],[77.27577972412115,27.806549072265625],[77.30414581298845,27.78800964355463],[77.29760742187528,27.718681335449446],[77.33654785156244,27.696180343628043],[77.31121063232439,27.611690521240234],[77.35011291503923,27.593400955200252],[77.33513641357428,27.530021667480526],[77.42959594726591,27.4620494842531],[77.43189239501982,27.399158477783317],[77.57454681396513,27.326730728149414],[77.61411285400408,27.3433895111084],[77.59166717529303,27.30055809021019],[77.67299652099604,27.200361251831225],[77.60511779785156,27.168479919433707],[77.59078216552763,27.12308120727539],[77.49841308593756,27.095190048217887],[77.52136993408197,27.067222595214787],[77.56568145751953,27.07801055908226],[77.55739593505888,27.036899566650618],[77.62740325927763,27.015501022338867],[77.67331695556646,27.0515594482423],[77.70358276367188,27.000310897827205],[77.75501251220697,27.02276039123541],[77.73634338378906,26.988220214843864],[77.4224700927735,26.867019653320312],[77.44831085205072,26.7467498779298],[77.49334716796875,26.766990661621378],[77.49797821044928,26.847949981689567],[77.5206909179688,26.82200813293457],[77.60450744628935,26.83280181884777],[77.71584320068365,26.88133049011236],[77.7533798217774,26.937738418579215],[77.89010620117205,26.889459609985465],[77.89994049072294,26.92454910278326],[78.00666046142578,26.91066169738798],[78.022026062012,26.860870361328125],[78.04223632812528,26.915420532226562],[78.10147094726568,26.904989242553768],[78.11134338378923,26.953231811523438],[78.21589660644531,26.95395088195812],[78.2622375488283,26.923511505126896],[78.2265701293947,26.88262939453125],[78.19113922119146,26.888610839843977],[78.20979309082031,26.836090087890625],[78.26088714599626,26.82094955444336],[78.28206634521501,26.86408805847168],[78.35135650634771,26.87437057495123],[78.38973999023466,26.824899673462085],[78.56584930419922,26.7576904296875],[78.71534729003935,26.80021286010765],[78.8113861083985,26.765470504760742],[78.86492919921892,26.704669952392635],[78.94814300537115,26.696741104125977],[78.93791198730497,26.66269111633312],[78.99317932128912,26.684570312500114],[78.97962188720709,26.57407951354992],[79.06093597412138,26.50329971313488],[79.04846191406256,26.456050872802734],[79.126762390137,26.444810867309798],[79.07679748535185,26.362691879272518],[79.13374328613287,26.344970703125],[79.08357238769537,26.27240943908697],[79.03703308105474,26.26699066162115],[79.05705261230474,26.232891082763672],[78.97737884521496,26.195499420166016],[79.00071716308594,26.15497970581066],[78.9426727294923,26.13914108276373],[79.00315093994169,26.081792831421012],[78.94432830810553,26.036951065063477],[78.92952728271513,25.949359893798885],[78.87638092041033,25.91566085815424],[78.88268280029314,25.870269775390852],[78.84662628173845,25.860500335693473],[78.8619232177735,25.799198150634822],[78.81124877929699,25.83012008667015],[78.82050323486345,25.799400329589787],[78.74681854248075,25.749090194702205],[78.81133270263689,25.67448043823265],[78.80519104003935,25.624557495117188],[78.64862060546875,25.565639495849723],[78.608627319336,25.589080810546875],[78.58119201660162,25.564308166503963],[78.42933654785162,25.56385993957531],[78.42072296142595,25.477619171142635],[78.3475875854495,25.454839706421012],[78.29551696777372,25.374799728393555],[78.38536071777372,25.195159912109318],[78.44645690917986,25.169021606445256],[78.4182968139649,25.153499603271484],[78.44291687011724,25.128770828247127],[78.32776641845732,25.08876991271967],[78.32753753662115,24.99955940246582],[78.16380310058611,24.85709953308117],[78.26847839355463,24.66710090637207],[78.25888824462902,24.5581893920899],[78.21971893310553,24.522779464721623],[78.26687622070318,24.44737052917486],[78.36094665527372,24.38578987121582],[78.32599639892584,24.329618453979492],[78.37963867187528,24.275560379028377],[78.43477630615263,24.297660827636946],[78.50537109374994,24.39394950866705],[78.57843780517578,24.35708045959484],[78.66912078857428,24.245019912719727],[78.76027679443365,24.258489608764705],[78.79168701171892,24.180240631103572],[78.87886047363298,24.22305107116705],[78.96687316894537,24.353660583496094],[78.98438262939459,24.441360473632926],[78.9085922241211,24.466770172119197],[78.91381072998053,24.500841140747298],[78.96639251708984,24.4969482421875],[78.8817214965822,24.63969993591303],[78.7494659423831,24.604980468750114],[78.78054046630871,24.81497192382824],[78.76448059082037,24.861368179321403],[78.66839599609386,24.902399063110465],[78.62204742431652,24.964900970458984],[78.64192962646479,25.0614910125733],[78.59716796875017,25.097871780395565],[78.56858062744146,25.258609771728516],[78.42736053466791,25.2886714935305],[78.49217224121122,25.323829650878963],[78.52507781982422,25.306529998779354],[78.52514648437511,25.363012313842773],[78.57621765136724,25.35193061828619],[78.56112670898438,25.395692825317383],[78.62858581542963,25.406461715698242],[78.65271759033209,25.444000244140682],[78.70140075683622,25.428859710693473],[78.65651702880865,25.420129776000977],[78.65789031982428,25.387979507446346],[78.76438140869135,25.35840034484869],[78.74314117431646,25.412700653076115],[78.81291198730474,25.430427551269588],[78.75506591796892,25.433851242065487],[78.73175048828153,25.500650405883846],[78.82985687255876,25.46569061279297],[78.83426666259771,25.432460784912166],[78.85717010498053,25.46714019775385],[78.82832336425798,25.509981155395508],[78.8760070800783,25.524320602416935],[78.87435913085943,25.557012557983455],[78.93074035644548,25.55972099304205],[78.93563842773466,25.48002052307129],[78.90322875976591,25.4469375610351],[78.96012878417986,25.438890457153377],[78.97850799560553,25.37601280212408],[78.92862701416016,25.351800918579045],[78.89245605468756,25.375297546386776],[78.94935607910185,25.400159835815373],[78.87474822998053,25.38765907287592],[78.78324890136747,25.297611236572322],[78.81167602539091,25.299840927124023],[78.84175109863287,25.229160308838004],[78.876518249512,25.34445953369152],[78.95285797119158,25.34987068176281],[78.97004699707048,25.28520965576172],[78.87587738037115,25.255769729614485],[78.87184143066412,25.166000366210938],[78.94834136962896,25.220180511474666],[78.99581146240234,25.195938110351562],[78.97116851806658,25.244920730590877],[79.00496673583984,25.276969909668082],[79.05644226074236,25.225709915161246],[79.02176666259771,25.143190383911133],[79.08429718017595,25.19252967834467],[79.12917327880865,25.1107692718507],[79.1793060302735,25.117692947387752],[79.18485260009771,25.151132583618278],[79.2383804321289,25.116369247436523],[79.21391296386747,25.148380279541016],[79.23583984375028,25.160961151123047],[79.26007080078153,25.122100830078068],[79.30322265625,25.133329391479492],[79.27359771728527,25.248119354248047],[79.34696197509771,25.214241027831974],[79.340087890625,25.27276039123541],[79.25945281982428,25.271440505981502],[79.29473114013678,25.340219497680664],[79.34588623046886,25.333040237426815],[79.35296630859403,25.265380859375],[79.367416381836,25.29432106018072],[79.41530609130871,25.259220123291016],[79.45741271972662,25.28387069702154],[79.49040222167974,25.27034950256342],[79.45919036865263,25.269451141357365],[79.44270324707031,25.21256065368658],[79.38387298584013,25.170280456543196],[79.39914703369135,25.113460540771484],[79.41512298583996,25.13909912109375],[79.43106842041016,25.107509613037053],[79.46837615966825,25.13445091247553],[79.46053314209013,25.096330642700252],[79.48987579345709,25.082750320434627],[79.56552124023455,25.177551269531307],[79.59787750244169,25.131431579589957],[79.74563598632818,25.143882751464844],[79.8558959960938,25.098501205444393],[79.84713745117199,25.240200042724666],[79.99672698974604,25.268650054931754],[80.02073669433622,25.34316062927246],[80.12329864501959,25.338430404663143],[80.19391632080107,25.41623115539562],[80.24518585205084,25.40489006042492],[80.25586700439459,25.428710937500057],[80.3107528686524,25.387317657470646],[80.30404663085955,25.288892745971737],[80.39906311035162,25.242969512939453],[80.42369842529303,25.17414283752464],[80.35128784179716,25.14490127563471],[80.27849578857439,25.021648406982536],[80.38218688964872,25.009740829467773],[80.36576080322294,25.057760238647575],[80.44071197509794,25.082069396972656],[80.49420928955095,25.045320510864258],[80.47612762451178,25.102251052856502],[80.60678100585943,25.07217979431158],[80.58777618408232,25.10910034179699],[80.5945892333985,25.155241012573185],[80.6323928833009,25.123281478881893],[80.6013565063476,25.104408264160156],[80.65629577636719,25.074441909790153],[80.6792602539063,25.081819534301985],[80.673568725586,25.054170608520735],[80.77593994140625,25.061691284179688],[80.69963836669939,25.137149810791016],[80.79957580566423,25.14641761779785],[80.82769775390636,25.110309600830135],[80.83628082275402,25.192680358886662],[80.8780364990235,25.195600509643782],[80.90492248535162,25.1603107452392],[80.82668304443365,25.039190292358626],[80.84818267822266,24.99814033508312],[80.78999328613276,24.971782684326172],[80.80220031738276,24.944459915161133],[80.90004730224604,24.9395809173584],[80.936820983887,24.97249984741211],[80.95523071289062,24.925710678100813],[81.07641601562511,24.95226097106945],[81.13244628906256,24.89207077026373],[81.16143035888678,24.958511352539062],[81.21260833740246,24.93452072143549],[81.20169830322271,24.995729446411133],[81.26158905029303,25.068460464477596],[81.26911926269526,25.167739868164062],[81.30638885498053,25.165992736816406],[81.31466674804716,25.11629104614252],[81.32995605468744,25.172491073608455],[81.39122009277361,25.123130798339844],[81.43022155761724,25.133630752563477],[81.43833923339861,25.110441207885742],[81.40084838867193,25.107770919799805],[81.48372650146501,25.074939727783203],[81.5075759887697,25.10680961608881],[81.47175598144537,25.134990692138615],[81.53000640869169,25.163339614868278],[81.5077896118164,25.18497085571289],[81.57718658447283,25.191299438476676],[81.61898803710938,25.159650802612305],[81.6012268066408,25.100210189819393],[81.61675262451178,25.122619628906307],[81.63195037841814,25.103269577026424],[81.60434722900396,25.060749053955192],[81.65869140625006,25.079730987548828],[81.6818923950197,25.043771743774357],[81.78922271728544,25.010139465331974],[81.89846801757818,25.009620666503906],[81.89644622802729,24.89250946044922],[81.95915222167997,24.830610275268498],[82.00489044189459,24.850690841674805],[82.1121902465822,24.792261123657283],[82.19596862792974,24.82452964782715],[82.17900848388678,24.804651260375977],[82.20947265625017,24.78149032592779],[82.17288208007812,24.739570617675838],[82.21375274658209,24.728660583496094],[82.19948577880888,24.75206947326666],[82.24365997314459,24.775751113891715],[82.22992706298834,24.669639587402457],[82.29641723632807,24.670011520385685],[82.29393005371088,24.613740921020565],[82.40917205810564,24.597829818725813],[82.401596069336,24.683799743652287],[82.4323120117188,24.706281661987305],[82.52926635742216,24.651960372924805],[82.65792846679693,24.700397491455305],[82.69518280029308,24.64425277709961],[82.76278686523455,24.645669937133903],[82.80076599121111,24.55268096923851],[82.71253204345709,24.55621910095215],[82.73654937744146,24.499771118164062],[82.70716094970709,24.38517951965332],[82.7605819702149,24.37304115295416],[82.76413726806658,24.292430877685604],[82.72036743164074,24.138990402221793],[82.67085266113298,24.158470153808707],[82.65738677978521,24.134798049926815],[82.70839691162104,24.08076095581066],[82.7662582397461,24.077867507934684],[82.74199676513689,24.021400451660156],[82.79727172851591,24.00514030456543],[82.8077774047851,23.963058471679688],[82.9388198852539,23.875869750976562],[83.0866012573245,23.878171920776424],[83.18956756591808,23.921100616455192],[83.32356262207048,24.101329803466854],[83.40188598632841,24.266000747680664],[83.37593841552763,24.314540863037337],[83.45139312744146,24.36474990844738],[83.40013885498058,24.408679962158203],[83.39301300048828,24.501190185546932],[83.49816894531256,24.527059555053768],[83.54141235351568,24.62618064880371],[83.49752044677751,24.651660919189396],[83.51370239257812,24.681150436401367],[83.4798431396485,24.737831115722656],[83.38680267334013,24.78421974182129],[83.34387207031261,25.01048278808605],[83.3181762695312,25.01732063293457],[83.34960937500028,25.19894027709961],[83.53946685791033,25.317649841308594],[83.62238311767607,25.329521179199276],[83.69458007812506,25.396099090576115],[83.76193237304693,25.387910842895508],[83.83837127685564,25.4368896484375],[83.8102264404298,25.465919494629134],[83.85111999511736,25.473720550537053],[83.91705322265653,25.558490753173885],[84.07650756835966,25.637531280517692],[84.09439086914068,25.72038078308117],[84.14823150634794,25.730960845947322],[84.20291137695318,25.6696395874024],[84.2855758666995,25.661529541015625],[84.31858825683588,25.671939849853516],[84.33129119873053,25.74457168579096],[84.38001251220703,25.74868965148937],[84.40187835693371,25.699501037597656],[84.44877624511724,25.714490890502873],[84.48838806152361,25.67785072326666],[84.52458953857422,25.684350967407454],[84.53586578369158,25.726490020751953],[84.5523300170899,25.684030532837028],[84.55562591552763,25.736408233642578],[84.63059997558622,25.728340148925838],[84.60053253173845,25.76062965393072],[84.62021636962896,25.794090270996094],[84.52697753906256,25.834329605102653],[84.52864074707048,25.87774085998541],[84.4233169555664,25.89242172241211],[84.35138702392572,25.95934104919445],[84.29633331298828,25.946989059448185],[84.20181274414091,26.000560760498047],[84.16622924804705,25.991500854492188],[84.11605072021501,26.074880599975813],[84.04905700683622,26.099700927734432],[84.00551605224615,26.234069824218864],[84.07936859130888,26.22121047973627],[84.11295318603544,26.261920928955135],[84.15730285644537,26.24413108825695],[84.17135620117188,26.373979568481445],[84.07200622558611,26.384469985961914],[84.01098632812517,26.448459625244197],[83.9022827148438,26.450250625610295],[83.90220642089838,26.51807975769043],[83.9625473022461,26.508600234985295],[84.04776000976562,26.54348945617687],[84.08177947998053,26.642860412597656],[84.27221679687528,26.59936141967796],[84.41439819335938,26.62717056274414],[84.40223693847662,26.671222686767578],[84.36675262451178,26.678810119629134],[84.3501205444336,26.681400299072322],[84.33706665039091,26.68144035339361],[84.32334136962919,26.688478469848576],[84.31851196289068,26.716230392455998],[84.30561828613276,26.737680435180607],[84.29802703857439,26.753271102905273],[84.27861022949224,26.751239776611442],[84.26677703857428,26.742071151733626],[84.25448608398466,26.734268188476562],[84.24227905273466,26.73077011108421],[84.22460937500017,26.75710105895996],[84.24112701416044,26.775430679321573],[84.24848937988287,26.792680740356445],[84.25229644775396,26.808679580688477],[84.248519897461,26.820898056030387],[84.24283599853544,26.821819305420036],[84.25041961669928,26.837820053100813],[84.24563598632818,26.858722686767578],[84.23538208007841,26.86433982849144],[84.22196197509771,26.87018013000494],[84.20922088623053,26.870990753173885],[84.1764678955081,26.853340148925838],[84.17533111572294,26.845939636230582],[84.1689224243164,26.8345184326173],[84.15054321289057,26.839469909668253],[84.1392974853515,26.87404060363798],[84.14073944091803,26.883911132812784],[84.13024902343756,26.88527107238781],[84.09986877441423,26.887990951538313],[84.09262084960955,26.877830505371037],[84.08789062500006,26.882352828979435],[84.0762557983399,26.87878036499046],[84.05905151367205,26.890779495239315],[84.04898071289068,26.89994049072277],[84.050796508789,26.90164947509794],[84.04514312744146,26.90474128723156],[84.0423965454101,26.909128189087028],[84.04924011230497,26.914590835571516],[84.045219421387,26.93042182922386],[84.02980804443354,26.93956947326666],[84.02490234375017,26.94272041320795],[84.0316925048831,26.949331283569336],[84.03514862060541,26.94872093200695],[84.03861999511736,26.95775985717796],[84.04666137695312,26.961940765381087],[84.04125976562494,26.96801185607933],[84.04345703125006,26.980390548705998],[84.03643035888683,26.984031677246207],[84.04952239990234,26.990810394287223],[84.04270172119146,27.003120422363565],[84.03563690185553,27.046510696411133],[84.02426910400419,27.04471969604515],[83.99076080322283,27.068590164184855],[84.01689147949236,27.083761215210075],[84.01892852783232,27.093441009521598],[84.01422119140642,27.100080490112532],[84.00531768798834,27.104030609130916],[83.9778671264649,27.092620849609375],[83.94777679443388,27.08620071411127],[83.94082641601568,27.089620590210018],[83.94034576416044,27.1023006439209],[83.94143676757818,27.119831085205078],[83.95081329345732,27.126340866088867],[83.95363616943365,27.131940841675032],[83.95091247558594,27.140880584716854],[83.96830749511724,27.165599822998217],[83.98419952392607,27.178710937500227],[83.98512268066418,27.181762695312727],[83.97660827636719,27.203420639038086],[83.9632873535158,27.221080780029297],[83.96153259277338,27.227951049804744],[83.94814300537138,27.23833084106468],[83.90762329101568,27.248029708862305],[83.90190124511724,27.25213050842285],[83.89615631103533,27.27707099914562],[83.92359924316423,27.316431045532227],[83.83058929443365,27.321359634399414],[83.85850524902372,27.350961685180664],[83.61673736572283,27.46942329406761],[83.3909301757813,27.47949028015165],[83.41168975830095,27.412506103515796],[83.36121368408209,27.343015670776367],[83.30680084228516,27.331232070923136],[83.1902160644533,27.454015731811523],[83.03611755371111,27.448715209961108],[82.93161773681658,27.50086593627924],[82.73700714111322,27.503101348877237],[82.75788116455084,27.58661460876465],[82.7099151611331,27.721698760986442],[82.45071411132807,27.678615570068473],[82.06971740722662,27.923416137695597],[81.97011566162126,27.92881584167486],[81.92801666259771,27.85964584350603],[81.88684844970714,27.857158660888615],[81.7040023803711,27.98652076721214],[81.48022460937528,28.08251571655296],[81.44570922851591,28.162139892578352],[81.37693786621111,28.1768932342531],[81.37311553955095,28.142215728759993],[81.3197860717774,28.13341903686546],[81.32241058349615,28.19716835022001],[81.23453521728527,28.28888511657732],[81.21241760253935,28.360515594482592],[81.03411865234403,28.39871597290039],[81.01917266845709,28.45155906677246],[80.91738891601591,28.457523345947322],[80.91030883789091,28.49753952026373],[80.79075622558588,28.524259567260742],[80.76963043212908,28.565517425537223],[80.69192504882841,28.58702850341797],[80.66934204101568,28.64182090759283],[80.59145355224626,28.647624969482422],[80.57041931152372,28.6878032684329],[80.50518798828153,28.665225982666072],[80.51934051513666,28.551723480224837],[80.45281982421892,28.628814697265625],[80.36091613769537,28.637014389038143],[80.25228881835966,28.757822036743164],[80.07238006591803,28.829744338989485],[79.98825836181646,28.717018127441463],[79.91808319091808,28.752199172973746],[79.91014099121094,28.763330459594727],[79.8992691040039,28.773860931396484],[79.89209747314459,28.781259536743164],[79.88893890380888,28.785770416259822],[79.9005661010745,28.79940032959007],[79.89480590820318,28.801450729370345],[79.88012695312511,28.79681968688965],[79.86728668212896,28.796449661254996],[79.84648895263672,28.804960250854435],[79.84620666503935,28.82130050659208],[79.85423278808622,28.820829391479492],[79.87547302246111,28.8212890625],[79.87532043457037,28.830240249633732],[79.85560607910173,28.839059829712085],[79.81465148925787,28.819120407104492],[79.81591033935541,28.812259674072493],[79.81128692626982,28.81138038635254],[79.80503845214838,28.80873107910179],[79.8030395507813,28.805589675903434],[79.78336334228521,28.805419921875],[79.7894058227539,28.819700241089038],[79.79479217529314,28.814731597900447],[79.79782104492205,28.82081031799339],[79.80119323730497,28.829637527465934],[79.79920196533209,28.836231231689453],[79.79431152343778,28.843030929565657],[79.79991912841814,28.854270935058764],[79.8090133666995,28.85890960693382],[79.80863189697294,28.862831115722656],[79.80574035644543,28.869050979614485],[79.79485321044928,28.869871139526367],[79.79064178466803,28.877429962158203],[79.7619705200197,28.88969039916998]]]},"properties":{"ID_0":105,"ISO":"IND","NAME_0":"India","ID_1":33,"NAME_1":"Uttar Pradesh"}},
{"type":"Feature","geometry":{"type":"Polygon","coordinates":[[[80.07238006591803,28.829744338989485],[80.0601425170899,28.916316986084155],[80.13732147216814,29.007310867309798],[80.14602661132841,29.103000640869254],[80.186019897461,29.137315750122013],[80.23501586914062,29.11841583251953],[80.27340698242193,29.14202308654791],[80.24991607666021,29.220615386962947],[80.2990036010745,29.205030441284407],[80.31813812255876,29.315639495849666],[80.24481964111357,29.444505691528548],[80.30422210693376,29.453079223633097],[80.2884368896485,29.47722053527849],[80.3513259887697,29.51894569396984],[80.34435272216803,29.552864074707315],[80.40949249267595,29.594919204711914],[80.42192077636736,29.639114379882983],[80.36972045898443,29.750616073608512],[80.43771362304688,29.8057155609132],[80.49721527099604,29.797414779663086],[80.60533905029325,29.95871734619169],[80.6779174804688,29.958114624023665],[80.7493972778322,30.00662994384777],[80.76293182373064,30.049491882324276],[80.87921905517607,30.128515243530273],[80.86457061767572,30.168895721435547],[80.91191864013689,30.223215103149414],[81.0196075439456,30.25295257568382],[80.81128692626959,30.31998062133789],[80.58419036865229,30.487222671509016],[80.52648925781256,30.45430946350109],[80.40055084228533,30.53116989135765],[80.21573638916033,30.579040527343693],[80.18049621582037,30.66986083984375],[80.21977233886724,30.69725036621105],[80.22383880615246,30.76409912109392],[80.1572723388673,30.81275177001953],[80.10314941406244,30.779670715332315],[80.04411315917974,30.843999862670955],[79.91504669189482,30.892219543456974],[79.85492706298834,30.978910446167106],[79.74214935302751,31.00679016113287],[79.58724212646501,30.943090438842887],[79.50125885009766,31.03914070129389],[79.4130859375,31.037551879882926],[79.38185119628923,31.118350982666016],[79.28489685058588,31.17010116577154],[79.22164154052734,31.337301254272575],[79.0567779541015,31.472259521484375],[78.98967742919939,31.361839294433594],[78.92537689208984,31.331760406494254],[78.9068832397461,31.259189605712947],[78.99658203125006,31.115339279174748],[78.87139892578125,31.107320785522404],[78.79503631591808,31.205039978027344],[78.64769744873064,31.194669723510856],[78.59536743164091,31.236391067504883],[78.47010803222673,31.203750610351562],[78.35632324218756,31.290870666503906],[78.02995300292974,31.185310363769588],[78.01423645019531,31.154939651489258],[77.95475769042986,31.178779602050838],[77.88748931884771,31.154701232910156],[77.80060577392572,31.06208038330101],[77.81714630126964,30.953569412231502],[77.7345733642581,30.959569931030273],[77.74559783935553,30.922309875488395],[77.79561614990263,30.923799514770508],[77.78936767578125,30.858549118042106],[77.7445220947265,30.881191253662166],[77.74440765380865,30.82985115051281],[77.68828582763689,30.76866912841797],[77.77905273437494,30.663770675659407],[77.78199005126959,30.619358062744425],[77.72952270507812,30.5983829498291],[77.81064605712896,30.533180236816634],[77.56305694580084,30.40448951721197],[77.6342163085938,30.410879135131893],[77.71077728271484,30.338760375976733],[77.93148040771501,30.246959686279354],[77.83853149414091,30.11227035522461],[77.78643798828136,30.0999698638916],[77.70201873779314,29.871780395507926],[77.79251861572271,29.681921005249137],[77.95198059082037,29.70536994934082],[77.97683715820307,29.614038467407283],[77.9472885131836,29.59043121337902],[77.98375701904314,29.588050842285213],[77.988021850586,29.545860290527344],[78.03688049316435,29.552629470825252],[78.13912200927763,29.67609977722185],[78.23139953613287,29.704090118408374],[78.33174133300793,29.796180725097884],[78.41256713867193,29.77242088317888],[78.48757934570324,29.741382598877067],[78.52735900878923,29.62436294555681],[78.60524749755865,29.56179809570324],[78.78550720214855,29.47603034973156],[78.92292785644548,29.456180572509993],[78.8701858520509,29.39236259460455],[78.80898284912138,29.382879257202262],[78.78884124755876,29.32928276062023],[78.7574081420899,29.349760055541992],[78.71385955810547,29.3173503875733],[78.79988098144531,29.257852554321403],[78.8526229858399,29.261310577392692],[78.90040588378923,29.15061950683588],[78.96232604980497,29.16681098937994],[79.01700592041021,29.117860794067326],[79.0269622802735,29.172269821167106],[79.13080596923828,29.129360198974553],[79.15827941894548,29.022878646850813],[79.20403289794916,29.029100418090877],[79.29892730712896,28.95311164855957],[79.35967254638666,28.970479965210075],[79.40143585205072,28.93226051330595],[79.41121673584001,28.8558807373048],[79.50724029541027,28.863300323486328],[79.5364532470706,28.892539978027628],[79.55092620849621,28.845891952514876],[79.6135482788086,28.86873054504406],[79.66619873046875,28.848329544067496],[79.7619705200197,28.88969039916998],[79.79064178466803,28.877429962158203],[79.79485321044928,28.869871139526367],[79.80574035644543,28.869050979614485],[79.80863189697294,28.862831115722656],[79.8090133666995,28.85890960693382],[79.79991912841814,28.854270935058764],[79.79431152343778,28.843030929565657],[79.79920196533209,28.836231231689453],[79.80119323730497,28.829637527465934],[79.79782104492205,28.82081031799339],[79.79479217529314,28.814731597900447],[79.7894058227539,28.819700241089038],[79.78336334228521,28.805419921875],[79.8030395507813,28.805589675903434],[79.80503845214838,28.80873107910179],[79.81128692626982,28.81138038635254],[79.81591033935541,28.812259674072493],[79.81465148925787,28.819120407104492],[79.85560607910173,28.839059829712085],[79.87532043457037,28.830240249633732],[79.87547302246111,28.8212890625],[79.85423278808622,28.820829391479492],[79.84620666503935,28.82130050659208],[79.84648895263672,28.804960250854435],[79.86728668212896,28.796449661254996],[79.88012695312511,28.79681968688965],[79.89480590820318,28.801450729370345],[79.9005661010745,28.79940032959007],[79.88893890380888,28.785770416259822],[79.89209747314459,28.781259536743164],[79.8992691040039,28.773860931396484],[79.91014099121094,28.763330459594727],[79.91808319091808,28.752199172973746],[79.98825836181646,28.717018127441463],[80.07238006591803,28.829744338989485]]]},"properties":{"ID_0":105,"ISO":"IND","NAME_0":"India","ID_1":34,"NAME_1":"Uttaranchal"}},
{"type":"Feature","geometry":{"type":"MultiPolygon","coordinates":[[[[88.49771118164068,21.599754333496378],[88.48170471191435,21.554725646972713],[88.53083038330095,21.542209625244368],[88.49771118164068,21.599754333496378]]],[[[88.83472442626959,21.607221603393725],[88.84278106689482,21.553888320922795],[88.90361022949247,21.55583381652832],[88.83472442626959,21.607221603393725]]],[[[88.72885131835943,21.637081146240348],[88.70720672607416,21.594221115112248],[88.73583221435564,21.571672439575195],[88.75718688964844,21.598979949951172],[88.72885131835943,21.637081146240348]]],[[[88.53721618652372,21.638620376586914],[88.51000213623064,21.602220535278548],[88.55666351318388,21.604446411132812],[88.5500030517581,21.56361007690458],[88.58750152587896,21.601942062378157],[88.53721618652372,21.638620376586914]]],[[[88.77194213867193,21.653062820434513],[88.72956848144548,21.639949798583928],[88.7582397460938,21.600038528442326],[88.75194549560553,21.576665878296012],[88.79805755615234,21.591665267944563],[88.77194213867193,21.653062820434513]]],[[[88.96576690673834,21.64153480529808],[88.96202087402338,21.648679733276424],[88.96161651611357,21.66419219970726],[88.9552078247072,21.67709159851097],[88.94207000732428,21.640150070190714],[88.99083709716797,21.61499977111839],[88.96576690673834,21.64153480529808]]],[[[88.57688140869169,21.691734313964787],[88.55371093750017,21.640464782714844],[88.59249877929693,21.618053436279297],[88.57688140869169,21.691734313964787]]],[[[88.98448944091825,21.70568847656267],[88.95084381103521,21.700721740722827],[88.96325683593756,21.662990570068644],[88.96401977539068,21.645740509033203],[88.96839904785162,21.641698837280387],[88.99236297607422,21.64414024353033],[89.00000000000017,21.601671218872298],[89.0287628173831,21.60482215881342],[89.02275848388678,21.654026031494425],[88.99639129638689,21.649038314819336],[88.98790740966808,21.65298080444336],[88.98448944091825,21.70568847656267]]],[[[88.80665588378912,21.70667266845703],[88.75833129882812,21.682500839233512],[88.74111175537138,21.689443588256836],[88.7305526733399,21.68472099304222],[88.75944519042997,21.663055419921932],[88.79416656494169,21.664443969726676],[88.79694366455084,21.655277252197266],[88.80665588378912,21.70667266845703]]],[[[88.31108093261736,21.7063503265382],[88.31527709960955,21.608055114746094],[88.35807037353521,21.647500991821403],[88.31108093261736,21.7063503265382]]],[[[88.45403289794928,21.709341049194563],[88.41855621337896,21.68256950378418],[88.44223022460966,21.61499977111839],[88.45403289794928,21.709341049194563]]],[[[88.69712066650408,21.712879180908203],[88.69753265380876,21.669910430908146],[88.74913024902372,21.64700126647955],[88.7067489624024,21.682006835937443],[88.69712066650408,21.712879180908203]]],[[[88.20450592041021,21.721181869506893],[88.18138885498064,21.686109542846964],[88.21194458007818,21.601667404174748],[88.21166992187494,21.620830535888956],[88.23166656494169,21.64361000061058],[88.22632598876982,21.670211791992358],[88.19555664062506,21.68194389343273],[88.20450592041021,21.721181869506893]]],[[[89.05920410156256,21.721803665161133],[89.00979614257818,21.704870223999194],[89.02472686767607,21.69486045837408],[89.02848815917974,21.635318756103572],[89.05158996582037,21.61753082275402],[89.09503936767584,21.64396095275879],[89.05920410156256,21.721803665161133]]],[[[88.97799682617216,21.72687530517578],[88.99275970459001,21.700000762939567],[88.99007415771484,21.654121398926065],[89.00775909423857,21.652221679687614],[89.02416229248075,21.68773269653326],[89.00778961181669,21.707130432128963],[89.02052307128918,21.713550567627067],[88.99972534179693,21.71527862548851],[88.97799682617216,21.72687530517578]]],[[[88.54566955566423,21.73612976074247],[88.51721954345732,21.711400985717773],[88.54859161376959,21.636400222778377],[88.55278015136724,21.70277976989763],[88.57420349121105,21.69402694702154],[88.5432205200197,21.72417068481468],[88.59069824218767,21.690628051757812],[88.57083129882807,21.732500076294173],[88.54566955566423,21.73612976074247]]],[[[88.88305664062494,21.745279312134016],[88.87305450439459,21.694444656372184],[88.92082977294916,21.632221221924055],[88.94027709960932,21.695278167724553],[88.88305664062494,21.745279312134016]]],[[[88.41233825683594,21.731260299682845],[88.39499664306658,21.755001068115234],[88.36863708496122,21.727340698242244],[88.40354156494169,21.71667289733881],[88.37972259521484,21.6808319091798],[88.39861297607439,21.595556259155217],[88.431938171387,21.62735939025879],[88.41116333007841,21.658662796020508],[88.41330718994158,21.691066741943303],[88.42856597900408,21.70201110839855],[88.41233825683594,21.731260299682845]]],[[[88.2209091186524,21.762149810791072],[88.19777679443376,21.689168930053995],[88.23332977294928,21.66805648803711],[88.23473358154325,21.635377883911133],[88.21639251709013,21.61638832092291],[88.2427749633789,21.59666633605957],[88.24368286132841,21.56812095642107],[88.2766571044923,21.55888938903837],[88.30611419677751,21.580278396606445],[88.28639221191435,21.60388946533226],[88.31166839599626,21.671939849853572],[88.26206970214861,21.730173110961914],[88.2720031738283,21.75440597534174],[88.2209091186524,21.762149810791072]]],[[[88.92710113525419,21.761949539184684],[88.92278289794939,21.719707489013842],[88.95024108886736,21.7023296356204],[88.98332977294933,21.70583152771013],[88.96944427490263,21.722778320312784],[88.98748016357428,21.74472045898466],[88.96889495849604,21.73919868469261],[88.96319580078142,21.752754211425895],[88.92710113525419,21.761949539184684]]],[[[88.36538696289091,21.76416587829584],[88.33750915527372,21.710769653320597],[88.3605575561524,21.68638992309593],[88.39805603027361,21.713333129882812],[88.36528015136719,21.72221946716303],[88.36538696289091,21.76416587829584]]],[[[89.00511932373075,21.764976501464787],[89.01741027832037,21.717779159546183],[89.0592803955081,21.72591972351097],[89.00511932373075,21.764976501464787]]],[[[88.83167266845709,21.76610946655296],[88.7625122070312,21.70137023925787],[88.81500244140642,21.710000991821346],[88.80889892578142,21.638790130615348],[88.84583282470732,21.62000083923357],[88.82861328125006,21.65055465698265],[88.85995483398466,21.637226104736385],[88.839164733887,21.70694351196289],[88.86528015136747,21.758611679077262],[88.83167266845709,21.76610946655296]]],[[[88.58222198486357,21.777780532837028],[88.56900024414068,21.76917839050293],[88.59279632568376,21.718709945678768],[88.62078857421903,21.735845565795955],[88.58595275878923,21.75341033935547],[88.58222198486357,21.777780532837028]]],[[[88.30249023437517,21.72456169128418],[88.28890991210966,21.778484344482422],[88.2780303955081,21.72817039489746],[88.29727935791044,21.70560073852539],[88.30249023437517,21.72456169128418]]],[[[88.99967193603521,21.78546905517601],[88.95111083984403,21.757778167724894],[88.9878768920899,21.74664878845232],[88.98866271972662,21.739849090576456],[88.97666931152372,21.728610992431754],[89.00428009033209,21.71607208251976],[88.99967193603521,21.78546905517601]]],[[[88.60972595214872,21.790279388427905],[88.58625030517607,21.7565975189209],[88.62305450439482,21.736665725708008],[88.60888671875006,21.70805549621582],[88.63083648681646,21.742500305175952],[88.60972595214872,21.790279388427905]]],[[[88.45861053466803,21.788650512695483],[88.44603729248075,21.79795837402355],[88.42336273193388,21.767724990844897],[88.4331359863283,21.704481124877873],[88.4672164916995,21.737220764160384],[88.45861053466803,21.788650512695483]]],[[[88.71620178222673,21.80738067626953],[88.69499969482416,21.7438907623291],[88.71111297607428,21.69017982482933],[88.74804687500017,21.65833091735857],[88.75499725341803,21.665639877319563],[88.7307739257813,21.68203163146984],[88.72929382324247,21.686756134033203],[88.74121856689453,21.690759658813533],[88.75778198242205,21.68366432189964],[88.76275634765642,21.692930221557674],[88.73586273193376,21.719291687011946],[88.77665710449236,21.721109390259073],[88.75276947021513,21.731578826904297],[88.75926208496122,21.75921821594261],[88.72805786132812,21.777778625488452],[88.71620178222673,21.80738067626953]]],[[[88.54457092285156,21.810319900512923],[88.50417327880865,21.77082824707037],[88.53528594970709,21.792020797729435],[88.50438690185553,21.75741004943842],[88.51944732666021,21.719165802001953],[88.54171752929693,21.737678527832145],[88.57250213623075,21.735555648803654],[88.54457092285156,21.810319900512923]]],[[[88.42180633544933,21.81109046936041],[88.38265991210943,21.779100418091105],[88.42276000976574,21.71982002258295],[88.42086029052763,21.767230987548828],[88.44268798828142,21.799650192260685],[88.42963409423857,21.799587249755973],[88.42180633544933,21.81109046936041]]],[[[88.8280792236331,21.804029464721623],[88.82167053222673,21.822900772094954],[88.7908325195313,21.750009536743164],[88.83027648925798,21.76666450500511],[88.8280792236331,21.804029464721623]]],[[[88.78749847412104,21.745000839233455],[88.79582977294928,21.78722190856945],[88.78726196289091,21.795797348022575],[88.79376220703153,21.800601959228516],[88.79355621337919,21.809740066528548],[88.7863006591798,21.822900772094954],[88.78210449218761,21.82519340515148],[88.76637268066423,21.78679084777849],[88.74975585937517,21.769649505615178],[88.76438903808622,21.760499954223633],[88.75666046142595,21.73340988159174],[88.78749847412104,21.745000839233455]]],[[[88.91583251953153,21.825834274291992],[88.88305664062494,21.80805778503435],[88.89583587646479,21.788061141967773],[88.90693664550798,21.7941703796389],[88.89778137207048,21.75194358825695],[88.93723297119135,21.816669464111385],[88.91583251953153,21.825834274291992]]],[[[88.48487854003912,21.834690093994084],[88.45704650878912,21.801959991455078],[88.49884796142584,21.810319900512923],[88.48487854003912,21.834690093994084]]],[[[88.94139099121122,21.84722137451172],[88.92444610595697,21.835832595825195],[88.9388885498048,21.81666755676298],[88.91416931152361,21.755559921264762],[88.92138671875028,21.766111373901367],[88.95888519287115,21.770833969116325],[88.94042205810575,21.78236579895031],[88.94027709960932,21.79305458068859],[88.97666931152372,21.820556640625],[88.95390319824224,21.8252925872805],[88.94139099121122,21.84722137451172]]],[[[88.59221649169939,21.850000381469783],[88.57604217529297,21.817033767700252],[88.6141662597658,21.798059463500977],[88.59221649169939,21.850000381469783]]],[[[88.33113098144548,21.86068725585966],[88.31166076660173,21.853937149048022],[88.31535339355474,21.84465980529791],[88.30702209472685,21.829690933227482],[88.27424621582031,21.818670272827433],[88.2597732543947,21.804206848144588],[88.26419830322271,21.793949127197266],[88.28598022460943,21.789068222046126],[88.29601287841814,21.774049758911133],[88.31085968017572,21.795635223388672],[88.31710052490263,21.708909988403605],[88.37996673583984,21.78726959228527],[88.36081695556669,21.79683113098173],[88.3503723144533,21.82640075683588],[88.3527221679688,21.854242324829386],[88.33113098144548,21.86068725585966]]],[[[88.85610961914074,21.8652801513673],[88.8372192382813,21.843055725097656],[88.8349990844726,21.78166770935087],[88.91333007812511,21.72777938842796],[88.92138671875028,21.743610382080305],[88.89138793945318,21.753610610962085],[88.8980560302735,21.778610229492415],[88.88223266601568,21.79721832275385],[88.87722015380865,21.851669311523494],[88.85749816894526,21.85555648803711],[88.85610961914074,21.8652801513673]]],[[[88.13694763183611,21.875000000000114],[88.03666687011724,21.675001144409237],[88.10916900634771,21.62583351135254],[88.1547241210938,21.6499996185305],[88.17066192626947,21.742401123046932],[88.13694763183611,21.875000000000114]]],[[[88.78916931152372,21.87861061096197],[88.77694702148443,21.866952896118164],[88.78221130371111,21.859720230102766],[88.77139282226568,21.85332870483404],[88.7658309936524,21.82888984680187],[88.78415679931646,21.826110839843807],[88.78971862792974,21.821390151977596],[88.79444122314459,21.812501907348746],[88.7955627441408,21.801670074463004],[88.78888702392595,21.795829772949503],[88.79499816894548,21.79138946533226],[88.82971954345703,21.86222076416027],[88.80139160156278,21.868061065673942],[88.79888916015636,21.870832443237305],[88.80055236816412,21.877780914306754],[88.79360961914057,21.866390228271484],[88.7877807617188,21.86361122131359],[88.78610992431652,21.8683319091798],[88.79250335693376,21.87388992309576],[88.78916931152372,21.87861061096197]]],[[[88.97905731201189,21.893489837646484],[88.97912597656256,21.867441177368278],[88.95028686523443,21.83809089660639],[88.97786712646484,21.823511123657283],[88.97663879394537,21.80508995056175],[88.95392608642584,21.803295135498047],[88.94278717041033,21.78650093078636],[88.97093963623075,21.77506256103527],[89.02999114990234,21.834529876709155],[88.97905731201189,21.893489837646484]]],[[[88.6216659545899,21.897779464721737],[88.59471893310564,21.85444450378418],[88.63889312744169,21.784717559814396],[88.65351867675787,21.867708206176758],[88.63333129882824,21.86972236633312],[88.6216659545899,21.897779464721737]]],[[[88.81694793701178,21.901111602783203],[88.81138610839861,21.896389007568587],[88.8091659545899,21.883329391479776],[88.80249786376959,21.8783283233642],[88.80027770996088,21.87055587768549],[88.806396484375,21.867780685424805],[88.82138061523443,21.87249946594261],[88.82943725585966,21.864717483520565],[88.81694793701178,21.901111602783203]]],[[[88.5623397827149,21.897460937500227],[88.53055572509794,21.84916877746599],[88.5510330200197,21.817291259765625],[88.5623397827149,21.897460937500227]]],[[[88.44647979736328,21.904920578003043],[88.4190063476562,21.9024028778079],[88.39251708984392,21.832601547241495],[88.40152740478521,21.79803085327177],[88.41826629638689,21.811611175537053],[88.42402648925781,21.81240081787115],[88.46145629882818,21.789810180664062],[88.44806671142584,21.815282821655217],[88.4901504516601,21.85638046264654],[88.44647979736328,21.904920578003043]]],[[[88.71805572509794,21.907222747802734],[88.69666290283232,21.83805465698248],[88.72805786132812,21.8374996185305],[88.70749664306646,21.811389923095817],[88.75166320800798,21.815282821655217],[88.75776672363298,21.78111076354992],[88.77722167968767,21.821670532226562],[88.76388549804705,21.82861137390148],[88.768608093262,21.852500915527457],[88.78056335449224,21.8594398498538],[88.71805572509794,21.907222747802734]]],[[[88.6399993896485,21.921680450439396],[88.62338256835943,21.901409149170206],[88.63445281982428,21.87055969238304],[88.66750335693388,21.91167068481468],[88.6399993896485,21.921680450439396]]],[[[88.8365554809572,21.917892456054744],[88.81961822509771,21.92819976806669],[88.85416412353521,21.88944435119629],[88.85721588134771,21.858610153198413],[88.87805175781278,21.853889465332202],[88.88804626464861,21.81222152709961],[88.91361236572283,21.827222824096907],[88.92305755615246,21.824438095092717],[88.92278289794939,21.83555984497093],[88.93916320800798,21.850000381469783],[88.92166900634771,21.853889465332202],[88.90693664550798,21.878889083862532],[88.9150009155274,21.880832672119254],[88.91777801513666,21.860557556152514],[88.93916320800798,21.853612899780387],[88.94721984863287,21.840562820434513],[88.94333648681635,21.884721755981673],[88.95555877685564,21.853889465332202],[88.97666931152372,21.867500305175838],[88.97389221191423,21.897779464721737],[88.91517639160162,21.92818069458025],[88.8900680541995,21.914655685424748],[88.8365554809572,21.917892456054744]]],[[[88.72360992431635,21.931943893432674],[88.77610778808611,21.869720458984546],[88.78639221191423,21.87861061096197],[88.7908325195313,21.879169464111328],[88.79360198974604,21.87416076660179],[88.78722381591803,21.866945266723633],[88.78971862792974,21.864717483520565],[88.79666900634766,21.87667083740257],[88.80750274658232,21.883609771728743],[88.80860900878912,21.895282745361385],[88.8141632080081,21.902780532836914],[88.79944610595709,21.919721603393782],[88.73611450195318,21.918056488037053],[88.72360992431635,21.931943893432674]]],[[[88.7453918457033,21.97973823547369],[88.72373199462896,21.973815917968864],[88.73332977294916,21.924720764160213],[88.79939270019531,21.925928115844954],[88.78645324707037,21.95265007019043],[88.77584075927763,21.941450119018782],[88.75070953369158,21.954851150512695],[88.7453918457033,21.97973823547369]]],[[[88.6599731445313,22.019212722778377],[88.62864685058611,21.958030700683764],[88.67815399169933,21.942867279052905],[88.71578216552729,22.000640869140852],[88.6599731445313,22.019212722778377]]],[[[88.14138793945318,22.02639007568382],[88.0733261108399,21.995281219482536],[88.04722595214872,21.91167068481468],[88.14138793945318,22.02639007568382]]],[[[88.81276702880865,22.01944160461437],[88.76172637939482,22.014907836914062],[88.75360870361345,21.988058090210075],[88.80029296875,21.970453262329045],[88.75332641601591,21.98527908325201],[88.75166320800798,21.956939697265852],[88.77555847167974,21.94333076477062],[88.78722381591803,21.95499992370611],[88.84970092773455,21.920391082763672],[88.90402221679716,21.926481246948185],[88.90361022949247,22.010559082031477],[88.81276702880865,22.01944160461437]]],[[[88.90278625488287,22.0453338623048],[88.88639831542974,22.057773590088118],[88.89204406738298,22.04933738708513],[88.89021301269537,22.045843124389933],[88.85198211669922,22.04123115539568],[88.86399078369135,22.02867317199707],[88.8708801269533,22.027500152588004],[88.87701416015642,22.014839172363224],[88.89170074462908,22.014724731445312],[88.90278625488287,22.0453338623048]]],[[[89.01619720458979,22.05092048645031],[88.98516845703125,22.055223464966048],[88.96808624267607,22.014360427856445],[88.97499847412104,21.992500305175895],[88.99935913085966,22.007104873657227],[88.97556304931635,21.991392135620117],[88.99243927001959,21.973630905151367],[89.03250122070318,22.002082824707202],[88.99916839599638,21.951221466064567],[89.032699584961,21.926162719726506],[89.0780029296875,21.98693275451683],[89.04120635986345,22.048503875732365],[89.01619720458979,22.05092048645031]]],[[[88.81185913085949,22.060754776001204],[88.78015899658209,22.03783226013212],[88.83186340332037,22.02697563171398],[88.81185913085949,22.060754776001204]]],[[[88.87055969238287,22.07893943786621],[88.86847686767584,22.081506729125977],[88.8529205322265,22.07875251770031],[88.84149169921875,22.071672439575252],[88.83602905273443,22.07283210754423],[88.8373641967774,22.066610336303768],[88.83438110351591,22.063890457153434],[88.82855987548845,22.070165634155273],[88.81999969482428,22.064172744750977],[88.84555053710938,22.061670303344727],[88.83850097656256,22.023899078369084],[88.8596267700197,22.026039123535213],[88.85072326660162,22.039030075073185],[88.85214233398466,22.04380035400402],[88.89060211181646,22.04833030700695],[88.88295745849615,22.057212829590014],[88.87016296386724,22.06305122375494],[88.87055969238287,22.07893943786621]]],[[[88.9040832519533,22.084207534790266],[88.87020874023443,22.086900711059798],[88.87129211425798,22.06385231018072],[88.89090728759783,22.060356140136776],[88.9040832519533,22.084207534790266]]],[[[88.80346679687511,22.08527374267578],[88.78375244140625,22.10694313049322],[88.74842834472673,22.057422637939737],[88.78124237060564,22.048362731933878],[88.7872161865235,22.072221755981673],[88.79415130615263,22.055662155151367],[88.80521392822294,22.06573677063011],[88.81344604492182,22.062009811401595],[88.82876586914062,22.071500778198242],[88.83377838134771,22.065073013305835],[88.83621215820318,22.066339492798136],[88.82778167724626,22.08603477478033],[88.81501770019548,22.080583572387923],[88.80346679687511,22.08527374267578]]],[[[88.81790161132818,22.123029708862532],[88.80590057373053,22.084753036499308],[88.82525634765653,22.08728981018089],[88.82118225097662,22.092021942138842],[88.81920623779314,22.1044216156007],[88.82212066650396,22.092662811279354],[88.83187866210943,22.084020614624137],[88.83808898925798,22.073078155517692],[88.85118103027372,22.07936286926264],[88.86723327636713,22.082220077514705],[88.81790161132818,22.123029708862532]]],[[[88.86514282226562,22.16699028015148],[88.84884643554693,22.168888092041186],[88.86024475097662,22.142448425292912],[88.83069610595709,22.127080917358455],[88.91574859619146,22.090299606323356],[88.86514282226562,22.16699028015148]]],[[[88.94996643066435,22.189191818237305],[88.91971588134783,22.161111831665096],[88.8939361572265,22.16969871521013],[88.91316986084013,22.130029678344783],[88.94034576416016,22.127977371215934],[88.90143585205078,22.06528282165533],[88.91271972656256,21.994359970092887],[88.93588256835966,21.93649101257347],[88.96610260009771,21.92292976379406],[88.97638702392595,21.946111679077262],[88.96883392333996,21.921138763427734],[89.01257324218744,21.901994705200366],[88.99093627929693,21.951934814453125],[89.01352691650385,21.979106903076342],[88.99223327636724,21.970003128051815],[88.97249603271513,21.987791061401595],[88.9622192382812,22.017221450805664],[88.97709655761713,22.038393020629883],[88.96325683593756,22.057411193847656],[88.93486022949224,22.05513954162592],[88.9461059570313,22.000001907348746],[88.92394256591797,22.02420234680187],[88.92463684082026,22.064592361450423],[88.96694183349638,22.078611373901595],[88.95054626464872,22.104169845581282],[88.96890258789062,22.08261299133295],[88.98491668701166,22.127122879028548],[88.94996643066435,22.189191818237305]]],[[[89.00193023681658,22.199171066284237],[88.97268676757841,22.193437576294116],[88.99694061279297,22.13802719116211],[88.9779129028322,22.039922714233683],[88.9852905273437,22.056982040405273],[89.02604675292974,22.05293273925787],[89.0233764648438,22.078786849975643],[89.03822326660162,22.053392410278434],[89.01464843750028,22.11400794982916],[89.05047607421903,22.13063240051281],[89.00193023681658,22.199171066284237]]],[[[88.69519042968744,22.20861244201666],[88.68388366699247,22.207242965698185],[88.68083190917997,22.187501907348576],[88.6528625488283,22.163391113281364],[88.6341857910158,22.10621070861845],[88.66377258300798,22.023761749267578],[88.72104644775396,22.005300521850586],[88.73574066162115,22.031614303588867],[88.68305206298834,22.08083152770996],[88.78916931152372,22.16944885253929],[88.76497650146513,22.192199707031364],[88.7318954467774,22.193990707397518],[88.69519042968744,22.20861244201666]]],[[[88.84474945068376,22.189191818237305],[88.83547210693365,22.206735610962028],[88.82805633544928,22.208040237426815],[88.82676696777372,22.198358535766715],[88.8405075073245,22.174940109252987],[88.83827209472673,22.167032241821346],[88.82958984375006,22.165290832519815],[88.80919647216825,22.179410934448185],[88.7491607666015,22.135000228881836],[88.70639038085966,22.063333511352482],[88.73916625976568,22.05699157714838],[88.77764129638689,22.111221313476562],[88.85588836669928,22.14445304870634],[88.84329986572271,22.167179107666016],[88.85079193115263,22.17356491088873],[88.86828613281256,22.17118644714367],[88.85961151123047,22.204099655151424],[88.84474945068376,22.189191818237305]]],[[[88.93237304687506,22.225000381469954],[88.91879272460938,22.230808258056925],[88.90806579589861,22.196310043335018],[88.93148040771513,22.177011489868107],[88.96158599853527,22.19721031188965],[88.93237304687506,22.225000381469954]]],[[[88.81259918212896,22.28339195251465],[88.7472457885745,22.198629379272575],[88.76744079589872,22.194210052490348],[88.79415130615263,22.170570373535384],[88.80961608886747,22.183338165283317],[88.83405303955078,22.166852951049805],[88.83805847167969,22.175279617309684],[88.82749938964855,22.19498634338379],[88.81822967529314,22.195589065551758],[88.81498718261736,22.2054195404055],[88.80554199218756,22.20835304260254],[88.79846954345709,22.22597312927246],[88.81425476074236,22.229879379272518],[88.82567596435564,22.241441726684855],[88.82624816894548,22.264593124389705],[88.81551361084013,22.263986587524357],[88.81259918212896,22.28339195251465]]],[[[88.84986114501982,22.36291694641119],[88.81833648681646,22.35889244079584],[88.80416870117193,22.32972145080572],[88.80652618408232,22.285749435425032],[88.81545257568365,22.282972335815373],[88.81664276123075,22.27167892456049],[88.82730102539068,22.26545143127447],[88.82956695556646,22.253721237182674],[88.82842254638678,22.24190521240257],[88.81855010986357,22.230939865112305],[88.80055999755865,22.22584152221708],[88.8064041137697,22.209434509277344],[88.81636810302734,22.20584297180193],[88.81948852539074,22.19635963439964],[88.82546234130854,22.19840049743658],[88.82461547851568,22.20433616638212],[88.82990264892595,22.210130691528377],[88.83679199218756,22.207059860229435],[88.84426879882818,22.19031715393095],[88.85446929931658,22.20621299743675],[88.88108062744146,22.200164794921932],[88.8822784423831,22.2115993499757],[88.84946441650419,22.209789276123274],[88.84194946289068,22.211740493774357],[88.83943176269548,22.215526580810604],[88.85835266113287,22.24444389343256],[88.87583923339861,22.252803802490405],[88.8589477539063,22.243589401245345],[88.84101104736334,22.214263916015852],[88.88350677490234,22.212270736694336],[88.8834381103515,22.200052261352823],[88.86618041992193,22.194147109985465],[88.87226867675787,22.17136955261242],[88.89822387695318,22.177907943725586],[88.91860961914068,22.16534996032715],[88.90448760986328,22.197242736816406],[88.91388702392584,22.216108322143782],[88.88565826416021,22.236213684082088],[88.88723754882841,22.26490974426281],[88.8433303833009,22.289720535278434],[88.88761138916044,22.265932083129883],[88.88704681396513,22.23629951477062],[88.91387176513678,22.219903945922965],[88.91896820068376,22.233032226562614],[88.9540786743164,22.22524070739746],[88.93692779541021,22.29911231994646],[88.84986114501982,22.36291694641119]]],[[[88.98475646972673,22.382432937622013],[88.96736145019526,22.407690048217887],[88.94721984863287,22.25555992126465],[88.97251892089838,22.20971107482933],[89.01972198486334,22.205553054809627],[89.06218719482439,22.12842941284174],[89.09626007080107,22.155012130737475],[89.0686416625976,22.147361755371378],[89.06690216064482,22.198314666748274],[88.99388885498047,22.286111831664982],[89.02333068847662,22.297502517700252],[88.98361206054705,22.32533836364763],[88.98475646972673,22.382432937622013]]],[[[88.89769744873075,22.548860549926985],[88.84361267089861,22.50679969787592],[88.8677368164063,22.48786735534668],[88.85612487792997,22.42278099060053],[88.8821868896485,22.40363693237316],[88.87660217285173,22.386917114258097],[88.8980560302735,22.366666793823356],[88.88804626464861,22.378332138061467],[88.92166900634771,22.40139007568365],[88.89232635498053,22.46535301208496],[88.89769744873075,22.548860549926985]]],[[[88.92016601562506,22.565305709838867],[88.89504241943388,22.559640884399357],[88.91444396972662,22.51111030578619],[88.89472198486345,22.466112136840877],[88.93000030517595,22.390279769897518],[88.89643096923845,22.37982940673851],[88.90733337402361,22.335790634155387],[88.941947937012,22.30988121032732],[88.93944549560553,22.419010162353572],[88.95777893066435,22.36472129821783],[88.96416473388689,22.40916633605974],[88.9986114501956,22.430292129516715],[88.95996093750017,22.548620223999308],[88.92016601562506,22.565305709838867]]],[[[88.2781372070313,27.130830764770508],[88.13662719726568,27.116878509521598],[88.0858459472658,27.141510009765682],[88.07495117187517,27.200839996337834],[88.01696777343767,27.21887207031267],[87.99417114257818,27.105207443237532],[88.04026031494158,27.036317825317667],[88.13748168945307,26.985267639160156],[88.12301635742205,26.95011520385765],[88.19049835205072,26.77141189575218],[88.10543060302729,26.539407730102596],[88.10621643066423,26.536014556884993],[88.10614776611357,26.535623550415096],[88.14539337158209,26.510971069335994],[88.23120117187506,26.551982879638672],[88.17903900146513,26.490579605102596],[88.24340057373047,26.44930076599144],[88.25219726562506,26.43379020690918],[88.26834869384783,26.417921066284123],[88.23044586181646,26.393960952758903],[88.2317123413086,26.384901046753043],[88.2451171875,26.37599754333496],[88.25489807128912,26.374469757080135],[88.26994323730474,26.378879547119197],[88.28189849853533,26.360130310058707],[88.28990173339861,26.35691070556652],[88.28913879394548,26.351139068603516],[88.279350280762,26.346349716186637],[88.27243804931646,26.33053970336914],[88.269760131836,26.332689285278377],[88.26526641845697,26.336490631103516],[88.22677612304705,26.296649932861385],[88.22101593017572,26.288219451904297],[88.21425628662115,26.28168106079096],[88.20410156250017,26.279590606689396],[88.17690277099621,26.26172828674322],[88.16311645507818,26.257530212402457],[88.15882873535185,26.256910324096793],[88.1374130249024,26.243770599365234],[88.12612915039068,26.226919174194393],[88.11995697021501,26.227949142455998],[88.11601257324224,26.222980499267578],[88.10572814941412,26.216400146484375],[88.10246276855474,26.212249755859432],[88.09359741210966,26.206539154052678],[88.08969116210943,26.203231811523438],[88.0872421264649,26.194440841674805],[88.07298278808622,26.18539047241211],[88.06983184814453,26.175718307495117],[88.05864715576183,26.173759460449276],[88.0374374389649,26.177700042724723],[88.0336303710938,26.170289993286133],[88.01174163818388,26.154790878295955],[88.01509094238281,26.142908096313533],[88.00681304931669,26.143289566040096],[87.9960327148438,26.14179039001465],[87.98210906982428,26.1591796875],[87.96334075927729,26.14888954162592],[87.96877288818365,26.13935089111328],[87.96784210205084,26.13183021545416],[87.9674072265625,26.1253719329834],[87.96935272216803,26.109310150146484],[87.95440673828142,26.102792739868164],[87.96948242187517,26.091648101806697],[87.97219085693365,26.08485031127924],[87.96813201904314,26.081361770629826],[87.95984649658214,26.084039688110295],[87.93112945556658,26.06895065307623],[87.921859741211,26.076871871948185],[87.91750335693371,26.088010787963867],[87.89572906494146,26.07987022399908],[87.89256286621122,26.080350875854492],[87.8882675170899,26.071939468383846],[87.8760604858399,26.066190719604435],[87.84165191650385,26.03230094909668],[87.8333358764649,26.0010929107666],[87.82720184326189,25.992340087890852],[87.82618713378935,25.983682632446403],[87.83097839355469,25.962230682373047],[87.82704925537115,25.95358085632347],[87.82390594482416,25.946451187133846],[87.82830810546875,25.94111061096197],[87.8268127441408,25.931850433349723],[87.80696105957048,25.929918289184513],[87.8228378295899,25.871467590332145],[87.91091156005876,25.85174942016613],[87.88339996337919,25.82860946655279],[87.91050720214838,25.81480979919428],[87.89846801757841,25.769760131836165],[88.04862976074236,25.690570831298942],[88.04910278320318,25.681470870971793],[88.04397583007841,25.65258026123047],[88.04853820800793,25.643909454345703],[88.04731750488298,25.64302253723156],[88.04448699951178,25.642879486084098],[88.03555297851568,25.63683128356945],[88.04347991943376,25.63207054138195],[88.03724670410162,25.615577697753906],[88.03930664062517,25.608489990234318],[88.04139709472673,25.605499267578125],[88.02970123291044,25.60003852844244],[88.0356521606447,25.596981048583984],[88.03858947753912,25.595041275024414],[88.03138732910185,25.587499618530273],[88.02526855468761,25.569091796875057],[88.03547668457048,25.560380935669173],[88.02961730957037,25.55948066711437],[88.02704620361322,25.55327033996582],[88.0390930175783,25.533189773559513],[88.04605102539068,25.53433036804205],[88.0559768676759,25.529930114746094],[88.06385040283197,25.506170272827262],[88.06642913818365,25.50503921508789],[88.06981658935564,25.501882553100586],[88.06815338134771,25.4898490905764],[88.06593322753935,25.48115158081066],[87.92604827880865,25.536212921142635],[87.87921905517572,25.515970230102653],[87.86347198486334,25.465389251708984],[87.78132629394543,25.444650650024528],[87.75910186767595,25.40504074096691],[87.78398132324224,25.332429885864315],[87.85652160644526,25.277772903442496],[87.8227767944336,25.234340667724723],[87.83664703369169,25.199260711669865],[87.787582397461,25.22048950195324],[87.77652740478521,25.091270446777344],[87.87697601318376,25.028039932251204],[87.97334289550787,24.896482467651367],[87.88897705078142,24.85293960571289],[87.85453796386724,24.764310836791992],[87.83753204345709,24.78780174255394],[87.81806182861328,24.765981674194336],[87.90083312988298,24.72159957885748],[87.88661956787138,24.674102783203125],[87.91340637207048,24.65855979919445],[87.90161132812506,24.612581253051758],[87.8727416992187,24.61071968078619],[87.90997314453142,24.593868255615178],[87.84821319580084,24.55105018615734],[87.76940917968767,24.581760406494368],[87.80634307861357,24.545200347900504],[87.79515075683611,24.4910507202149],[87.82287597656256,24.49440956115734],[87.78475189208996,24.414541244507063],[87.81002044677751,24.406620025634766],[87.75627899169928,24.303592681884766],[87.63571166992205,24.242530822753963],[87.68956756591803,24.14983940124523],[87.56938171386724,24.155651092529354],[87.60761260986322,24.128942489624023],[87.57615661621094,24.08526039123541],[87.49359893798845,24.115209579467773],[87.51055145263672,24.039831161498967],[87.43383026123075,24.008321762085075],[87.4579696655274,23.981420516967887],[87.32787322998047,23.995990753173885],[87.33235931396513,24.03100967407221],[87.2379760742187,24.04121971130371],[87.29454803466803,23.898571014404354],[87.27041625976562,23.872940063476676],[87.24822235107433,23.90701103210455],[87.242729187012,23.826160430908146],[87.21855926513689,23.830801010131836],[87.23623657226591,23.853069305419922],[87.13092803955107,23.866960525512695],[87.1664428710937,23.819589614868278],[87.12416076660173,23.7950382232666],[86.89501190185575,23.87995147705101],[86.88226318359375,23.814479827880973],[86.87121582031267,23.844181060791072],[86.82077026367193,23.811309814453182],[86.79283905029314,23.83138084411621],[86.81977081298834,23.761070251464844],[86.79203796386713,23.687370300293082],[86.69384765625017,23.694520950317383],[86.52865600585955,23.628980636596623],[86.43988037109386,23.62961006164562],[86.35797119140642,23.543060302734375],[86.37194824218756,23.4826602935791],[86.30000305175781,23.420061111450195],[86.27847290039068,23.441120147705078],[86.24317932128912,23.419580459594783],[86.23874664306658,23.469690322875977],[86.14553070068365,23.473070144653263],[86.14476776123053,23.567771911621207],[86.04686737060564,23.58386993408203],[86.01077270507841,23.551649093628157],[86.04722595214844,23.493642807006893],[85.9439086914063,23.454620361328352],[85.86602783203125,23.47023010253912],[85.8956909179688,23.37059020996088],[85.86625671386736,23.36484909057623],[85.87798309326183,23.323709487914982],[85.82636260986328,23.26312065124523],[85.83155822753906,23.195119857788086],[85.9149932861331,23.129529953002987],[86.03692626953125,23.143610000610465],[86.21247863769537,22.99184989929222],[86.29825592041033,23.013282775878963],[86.39303588867188,22.97423934936529],[86.540283203125,22.987230300903434],[86.51835632324236,22.944330215454215],[86.43282318115246,22.923402786254883],[86.4630432128908,22.89663124084484],[86.41615295410173,22.776508331298942],[86.50659179687506,22.70152091979986],[86.5392532348634,22.720649719238338],[86.61786651611357,22.673389434814453],[86.65170288085955,22.57579040527338],[86.75994110107433,22.572429656982536],[86.79860687255865,22.498821258545036],[86.74540710449224,22.47567939758312],[86.762260437012,22.425231933593807],[86.84393310546875,22.396060943603516],[86.82919311523466,22.3245906829834],[86.88623046875028,22.29412078857422],[86.8856811523437,22.25212097167963],[86.81186676025385,22.263931274414176],[86.7996063232423,22.240972518921012],[86.79026794433605,22.262800216674805],[86.80011749267584,22.21363067626953],[86.72278594970732,22.215248107910213],[86.71544647216803,22.14349174499523],[86.7903213500976,22.153940200805607],[86.83200836181646,22.095109939575423],[86.95723724365251,22.083368301391545],[87.01761627197277,22.041280746460075],[87.03431701660173,21.98919105529785],[86.99793243408209,21.907501220703125],[87.07773590087919,21.859800338745117],[87.09626007080072,21.88210105895996],[87.09612274169939,21.886249542236328],[87.08941650390642,21.89240074157715],[87.08853912353521,21.895072937011662],[87.09101867675787,21.899230957031364],[87.10468292236345,21.917819976806754],[87.11033630371122,21.918020248413143],[87.11424255371111,21.922170639038086],[87.15168762207037,21.927999496460075],[87.15828704834001,21.930549621581974],[87.15976715087885,21.949081420898438],[87.16744232177751,21.973409652709904],[87.1749725341798,21.96619987487793],[87.2029113769533,21.956439971923828],[87.22119140624994,21.953210830688533],[87.22440338134794,21.954019546508903],[87.234848022461,21.954380035400447],[87.232231140137,21.940361022949276],[87.23542785644537,21.933740615844954],[87.2524032592774,21.91780281066889],[87.24897766113293,21.86651992797863],[87.24475097656256,21.856370925903434],[87.25527191162121,21.843879699707088],[87.26169586181646,21.833299636840934],[87.267807006836,21.819709777832145],[87.26242065429705,21.81385993957514],[87.27314758300787,21.80579948425293],[87.27333831787115,21.80360031127924],[87.28060913085943,21.79915809631359],[87.29480743408197,21.80389022827154],[87.29656982421892,21.79533004760748],[87.30605316162138,21.79385948181158],[87.31796264648443,21.790550231933537],[87.3168563842774,21.788549423217887],[87.32286071777344,21.785961151123104],[87.32618713378912,21.785640716552848],[87.3327026367188,21.787200927734432],[87.33666992187506,21.779180526733455],[87.34046173095703,21.78395843505865],[87.35504913330107,21.779279708862305],[87.37045288085943,21.768020629882926],[87.38330078125028,21.770860671997298],[87.39240264892584,21.768981933593693],[87.42481994628912,21.765659332275334],[87.43930816650396,21.764360427856502],[87.44367218017584,21.760889053344727],[87.44330596923834,21.742120742797965],[87.4511108398438,21.735412597656193],[87.4444198608399,21.73248100280773],[87.46517944335955,21.726360321044865],[87.46573638916033,21.72357749938965],[87.46264648437528,21.717060089111328],[87.469291687012,21.69845008850109],[87.46752929687506,21.695659637451115],[87.46826171875006,21.67727088928234],[87.46041870117205,21.657129287719727],[87.46090698242216,21.64445114135765],[87.48171234130888,21.613830566406477],[87.48203277587896,21.608703613281307],[87.7897186279298,21.69499969482422],[87.92916870117216,21.80055618286127],[88.05305480957037,22.01027870178234],[87.96335601806658,22.1034774780274],[88.06223297119146,22.01305961608898],[88.18888854980474,22.099166870117358],[88.13555908203153,22.184722900390682],[88.00861358642584,22.201389312744368],[87.9400024414063,22.260278701782454],[87.94222259521501,22.366388320922965],[87.88376617431669,22.44158935546875],[87.94638824462908,22.40611076354986],[87.98486328125028,22.245700836181754],[88.04915618896513,22.220001220703182],[88.10500335693388,22.304698944091797],[88.06972503662138,22.211944580078125],[88.2030563354495,22.166940689086914],[88.22389221191406,22.075275421142578],[88.15366363525419,21.95917320251465],[88.16333007812506,21.87944412231451],[88.21722412109392,21.764444351196403],[88.27278137207037,21.755750656128043],[88.2720031738283,21.730480194091854],[88.28273773193365,21.757581710815657],[88.25166320800787,21.80194282531761],[88.28193664550787,21.761100769043026],[88.26362609863287,21.788000106811637],[88.25836181640653,21.800769805908374],[88.2589721679687,21.80762100219721],[88.31376647949236,21.847309112549],[88.29931640625006,21.8593807220459],[88.26059722900396,21.857860565185774],[88.25489807128912,21.871339797973633],[88.2697372436524,21.88519287109375],[88.26197814941435,21.858690261840763],[88.30059051513689,21.861326217651367],[88.309799194336,21.877683639526538],[88.30893707275419,21.856399536132812],[88.32565307617193,21.8621501922608],[88.3535766601562,21.857154846191406],[88.3499832153322,21.927389144897745],[88.37054443359403,21.89779853820818],[88.35492706298828,21.85565567016613],[88.35488128662138,21.822799682617358],[88.36400604248053,21.797830581664982],[88.39067077636724,21.798980712890625],[88.38279724121111,21.900680541992415],[88.40636444091825,21.919784545898494],[88.39805603027361,21.952220916748047],[88.37444305419928,21.962818145752237],[88.37277984619146,21.966659545898438],[88.3758163452149,21.9697208404541],[88.39430999755865,21.970661163330192],[88.3738861083985,21.965278625488452],[88.39906311035162,21.95249557495123],[88.4071578979495,21.916904449462834],[88.38466644287104,21.899805068969783],[88.40694427490263,21.884721755981673],[88.41972351074247,21.90655136108427],[88.45848083496088,21.918840408325423],[88.46089172363287,22.011579513549975],[88.47355651855463,21.895341873168945],[88.52066040039057,21.91539573669445],[88.52182769775408,21.939010620117415],[88.49534606933611,21.955083847046012],[88.49118804931646,21.960460662841797],[88.49156951904303,21.966890335083008],[88.54141998291044,21.98171043396019],[88.55461883544916,22.03570938110363],[88.54331970214872,21.981994628906534],[88.49369812011724,21.96705245971691],[88.49423980712896,21.95839500427246],[88.52172088623053,21.942680358886776],[88.52553558349615,21.929441452026424],[88.52177429199247,21.9137420654298],[88.49426269531256,21.879091262817326],[88.52805328369169,21.853055953979435],[88.5405578613283,21.90386962890625],[88.570541381836,21.903608322143498],[88.54866790771513,21.922279357910213],[88.54624938964861,21.973489761352653],[88.55027770996111,21.921390533447493],[88.57250213623075,21.907222747802734],[88.5863876342774,21.928050994873274],[88.57833099365234,21.88944435119629],[88.60666656494169,21.91305732727068],[88.59658050537104,22.06726646423357],[88.60340118408232,22.023559570312557],[88.63665771484392,22.045289993286133],[88.57274627685547,22.189100265503043],[88.6192855834961,22.108840942382926],[88.67246246337919,22.201198577881087],[88.63934326171892,22.208120346069563],[88.63091278076166,22.22204971313488],[88.67916870117182,22.293891906738224],[88.6661224365235,22.33904075622553],[88.68492126464861,22.29427528381376],[88.63504028320318,22.21640014648466],[88.66562652587885,22.21745109558111],[88.68121337890653,22.209197998046818],[88.70195770263678,22.209442138671875],[88.73361206054693,22.195554733276424],[88.7427825927735,22.200000762939453],[88.73999786376982,22.214721679687614],[88.74639129638678,22.20305824279808],[88.74361419677763,22.229166030884016],[88.80442810058622,22.28273010253912],[88.8026199340822,22.328983306884822],[88.81888580322271,22.363611221313477],[88.84923553466803,22.36454200744629],[88.87628936767584,22.35531044006376],[88.77799224853533,22.506502151489485],[88.68925476074247,22.52404975891136],[88.67740631103544,22.593498229980582],[88.69066619873064,22.52441215515148],[88.7688827514649,22.513591766357422],[88.7663879394533,22.56083488464367],[88.7716674804687,22.513380050659123],[88.85244750976568,22.432832717895508],[88.8428115844726,22.507873535156364],[88.86888885498058,22.545835494995117],[88.89638519287138,22.563333511352766],[88.93760681152338,22.569932937622013],[88.95771026611334,22.610780715942383],[88.9325561523438,22.618743896484375],[88.93010711669928,22.64099311828636],[88.91027832031261,22.67500114440918],[88.86378479003935,22.663747787475586],[88.85722351074224,22.677499771118107],[88.8612823486331,22.694194793701172],[88.847953796387,22.69110870361351],[88.84701538085932,22.706686019897518],[88.8090133666995,22.70946311950678],[88.80577087402372,22.733200073242188],[88.80891418457048,22.753431320190657],[88.84730529785162,22.751741409301758],[88.80908203125017,22.751136779785156],[88.80959320068388,22.710670471191577],[88.84797668457031,22.709030151367415],[88.84925842285185,22.693176269531477],[88.85953521728521,22.69700813293457],[88.86411285400396,22.693651199340877],[88.8648529052735,22.66486930847168],[88.90502929687517,22.679105758667106],[88.91175842285162,22.676561355590763],[88.92025756835932,22.666948318481502],[88.93194580078142,22.645549774169922],[88.94728088378918,22.659851074218807],[88.91918945312506,22.761711120605753],[88.96752929687528,22.84262847900385],[88.90933227539091,22.87740135192894],[88.9138793945313,22.91861915588379],[88.84673309326178,23.00243186950678],[88.87341308593756,23.004341125488395],[88.86956787109392,23.095359802246037],[88.99469757080095,23.212360382080192],[88.91915893554705,23.208311080932674],[88.8178787231447,23.25098991394043],[88.79670715332048,23.215570449829045],[88.72035980224604,23.25266265869152],[88.69740295410162,23.296480178833008],[88.74607849121122,23.309801101684513],[88.73355865478533,23.346300125122127],[88.7985076904298,23.494890213012752],[88.74291992187517,23.48077964782709],[88.6591873168947,23.55265998840332],[88.64492034912115,23.608060836791992],[88.58085632324224,23.600740432739315],[88.59242248535173,23.636571884155387],[88.56167602539057,23.642070770263786],[88.55928039550787,23.784130096435604],[88.60173034667963,23.816850662231502],[88.57598114013666,23.859750747680664],[88.73153686523443,23.912982940673828],[88.73496246337896,23.978170394897575],[88.77098846435553,23.984781265258903],[88.75874328613298,24.008182525634766],[88.72718811035185,23.994501113891715],[88.7376327514649,24.059429168701115],[88.6946868896485,24.113399505615178],[88.73468780517578,24.27523994445812],[88.70250701904303,24.31065940856945],[88.5862579345706,24.325941085815373],[88.55500030517572,24.296489715576286],[88.52870941162126,24.34418106079113],[88.4483795166015,24.37704086303711],[88.33300781250017,24.383190155029524],[88.14785003662115,24.505630493164176],[88.01056671142584,24.666660308837947],[88.17560577392607,24.86098289489746],[88.13968658447271,24.936128616333065],[88.2279663085938,24.959430694580135],[88.26381683349615,24.875459671020565],[88.27742767333996,24.89573287963873],[88.3251495361331,24.865890502929744],[88.3417282104495,24.93901062011713],[88.4014968872072,24.945690155029524],[88.45381164550787,25.035600662231445],[88.4458465576173,25.196289062500114],[88.49971771240251,25.211679458618164],[88.56581115722668,25.177690505981445],[88.70922851562506,25.20960044860834],[88.80378723144537,25.17229080200201],[88.8449096679687,25.211200714111385],[88.92302703857428,25.167129516601506],[88.95664215087919,25.25926971435547],[89.0112533569336,25.292381286621207],[88.92560577392578,25.303560256958008],[88.84365844726568,25.362409591674805],[88.81038665771479,25.519750595092717],[88.76285552978544,25.521320343017805],[88.76909637451178,25.492300033569336],[88.7111206054688,25.497041702270565],[88.69888305664068,25.469970703125114],[88.60942840576178,25.513160705566406],[88.54292297363293,25.506620407104492],[88.50004577636747,25.58126258850092],[88.4463958740235,25.596981048583984],[88.45672607421903,25.66049957275419],[88.40714263916044,25.669319152831974],[88.26992797851568,25.80813980102539],[88.15170288085943,25.773771286010856],[88.11714172363287,25.796659469604606],[88.08676147460938,25.912500381469783],[88.14399719238298,26.011819839477596],[88.18711090087908,26.02406120300293],[88.16095733642578,26.07798194885254],[88.18044281005876,26.145692825317383],[88.35251617431646,26.219989776611555],[88.35175323486334,26.281581878662166],[88.45789337158232,26.37375068664545],[88.52482604980497,26.359838485718],[88.48324584960966,26.461109161377067],[88.36760711669928,26.48705291748047],[88.35591125488298,26.445810317993278],[88.33436584472673,26.478679656982536],[88.37754058837896,26.59350967407238],[88.41535186767607,26.63412284851097],[88.43540954589838,26.546819686889762],[88.48606109619146,26.54131126403803],[88.52665710449224,26.481740951538143],[88.56105804443388,26.488920211791992],[88.55712127685564,26.45685005187994],[88.62069702148443,26.471069335937557],[88.62454986572271,26.435430526733512],[88.70268249511736,26.388460159301758],[88.70436859130876,26.33436012268072],[88.74919128417986,26.353240966796932],[88.76158142089844,26.300590515136776],[88.82158660888683,26.30071258544922],[88.84678649902372,26.234270095825252],[88.88510894775402,26.238849639892635],[88.8883514404298,26.291570663452205],[88.93485260009771,26.288299560546875],[88.9704360961914,26.24155807495123],[89.06970214843756,26.255332946777344],[89.06516265869152,26.29393959045433],[88.99188995361334,26.304779052734432],[88.99143218994158,26.352210998535156],[88.96379852294939,26.332670211791992],[88.96362304687506,26.36580276489252],[88.91989135742188,26.369939804077205],[88.91127014160185,26.41206932067871],[88.96434020996111,26.463132858276367],[89.04103851318376,26.397920608520565],[89.09353637695318,26.39923286438011],[89.0911407470706,26.321880340576286],[89.14444732666021,26.32077980041504],[89.10842895507818,26.282342910766715],[89.16239166259771,26.138731002807617],[89.23017120361357,26.122640609741325],[89.27220153808611,26.091640472412166],[89.26156616210943,26.063920974731673],[89.35244750976591,26.010509490966797],[89.39840698242216,26.006879806518498],[89.42954254150408,26.045618057251033],[89.4385070800783,26.008598327636832],[89.54235076904303,26.00538063049322],[89.54358673095703,25.970510482788086],[89.58040618896484,25.968179702758846],[89.6083602905274,26.063610076904354],[89.6526870727539,26.063589096069336],[89.6326675415039,26.106969833374137],[89.59665679931658,26.100891113281307],[89.6329879760745,26.118900299072493],[89.59469604492182,26.15703964233421],[89.66062164306646,26.175630569458008],[89.62983703613298,26.186189651489315],[89.65303802490263,26.18993949890148],[89.63758087158232,26.227678298950195],[89.68216705322271,26.235719680786133],[89.68463897705084,26.160419464111328],[89.71875762939459,26.1660480499267],[89.73293304443388,26.17297172546398],[89.73417663574236,26.174989700317496],[89.71705627441412,26.177209854126204],[89.70652008056658,26.173130035400504],[89.70253753662115,26.177120208740348],[89.69483947753906,26.18907165527338],[89.71073913574224,26.188560485839844],[89.7161331176759,26.191328048705998],[89.7142181396485,26.205978393554744],[89.72566223144537,26.20607948303234],[89.72438049316435,26.2172908782959],[89.71549987792974,26.21478080749506],[89.69754791259783,26.215942382812614],[89.69956970214872,26.21890068054205],[89.70555877685564,26.217060089111328],[89.71170806884771,26.227741241455078],[89.71817779541021,26.231620788574162],[89.72876739501982,26.238201141357365],[89.71572113037115,26.246379852295036],[89.71642303466814,26.255260467529354],[89.71138763427763,26.25803947448742],[89.70067596435553,26.260841369628906],[89.71084594726557,26.26456069946289],[89.71734619140625,26.259160995483455],[89.7322769165039,26.260339736938477],[89.73367309570318,26.266460418701172],[89.72109222412121,26.28816986084007],[89.71568298339844,26.301980972290096],[89.7227630615235,26.307550430297965],[89.7208862304688,26.29628944396984],[89.74606323242193,26.290761947631836],[89.75710296630865,26.288530349731445],[89.75914001464861,26.292591094970703],[89.75166320800776,26.322160720825252],[89.85729217529325,26.38446044921875],[89.82727813720709,26.396472930908317],[89.87062072753912,26.459890365600586],[89.85694122314482,26.703781127929915],[89.77439880371111,26.699558258056754],[89.75666046142595,26.73646354675293],[89.63217926025396,26.719249725341797],[89.6447372436524,26.78094482421875],[89.55888366699236,26.815553665161303],[89.45928192138672,26.80625915527355],[89.37716674804693,26.86629104614252],[89.25559234619158,26.81686973571783],[89.13107299804705,26.80806922912592],[89.09033966064464,26.893970489501953],[89.02491760253918,26.940271377563477],[88.96237945556669,26.92413139343256],[88.9190063476563,26.996200561523494],[88.874984741211,26.95154571533226],[88.86991882324219,27.108720779418945],[88.75168609619158,27.148210525512695],[88.55899047851591,27.188751220703125],[88.43194580078153,27.081609725952205],[88.41100311279297,27.090700149536246],[88.37065124511724,27.099412918091048],[88.3523025512697,27.101070404052848],[88.34516143798857,27.106901168823413],[88.32048797607428,27.116640090942496],[88.30449676513678,27.128601074218864],[88.2998886108399,27.127998352050838],[88.2781372070313,27.130830764770508]]]]},"properties":{"ID_0":105,"ISO":"IND","NAME_0":"India","ID_1":35,"NAME_1":"West Bengal"}}
]}